COMPONENT_NAME,SERIAL_NUMBER,DATE_TIME,RESULT
Intake Camshaft,Calibration maste,10/06/2025 01:21:09 PM,0°0'0"
Intake Camshaft,`48002128025279040,10/06/2025 01:47:31 PM,-02°52'56"
Intake Camshaft,480021280252790402,10/06/2025 01:47:49 PM,-00°2'10"
Intake Camshaft,480021280252790509,10/06/2025 01:48:33 PM,0°47'33"
Intake Camshaft,480021280252790522,10/06/2025 01:51:07 PM,0°25'56"
Intake Camshaft,480021280252790509,10/06/2025 02:03:23 PM,0°28'6"
Intake Camshaft,Calibration master,10/06/2025 02:18:54 PM,0°0'0"
Intake Camshaft,480021280252790658,10/06/2025 06:27:42 PM,0°12'59"
Intake Camshaft,480021280252790657,10/06/2025 06:28:17 PM,-00°54'2"
Intake Camshaft,480021280252790658,10/06/2025 06:29:07 PM,5°43'43"
Intake Camshaft,480021280252790611,10/06/2025 06:35:05 PM,0°12'59"
Intake Camshaft,480021280252790651,10/06/2025 07:02:31 PM,0°0'0"
Intake Camshaft,z48002128025279065,10/06/2025 07:03:19 PM,-05°35'3"
Intake Camshaft,480021280252790651,10/06/2025 07:03:37 PM,-05°35'3"
Intake Camshaft,Calibration master,10/06/2025 07:06:54 PM,0°4'19"
Intake Camshaft,Calibration master,10/06/2025 07:07:14 PM,-01°28'38"
Intake Camshaft,Calibration master,10/06/2025 07:07:31 PM,-04°32'22"
Intake Camshaft,480021280252790651,10/06/2025 07:08:58 PM,-00°25'57"
Intake Camshaft,480021280252790651,10/06/2025 07:11:38 PM,0°4'20"
Intake Camshaft,Calibration master,10/06/2025 07:12:26 PM,0°0'0"
Intake Camshaft,480021280252790650,10/06/2025 07:16:26 PM,0°12'58"
Intake Camshaft,n4800212802527907,10/06/2025 09:11:45 PM,0°6'29"
Intake Camshaft,480021280252790782,10/06/2025 09:17:45 PM,0°34'35"
Intake Camshaft,mk480021280252790,10/06/2025 09:19:26 PM,0°47'34"
Intake Camshaft,480021280252790817,10/06/2025 09:48:37 PM,0°2'10"
Intake Camshaft,480021280252790823,10/06/2025 10:19:08 PM,0°19'27"
Intake Camshaft,``48002128025279,10/06/2025 10:50:56 PM,0°41'4"
Intake Camshaft,480021280252790830,10/06/2025 10:52:03 PM,0°43'14"
Intake Camshaft,Calibration master,10/06/2025 11:05:16 PM,0°0'0"
Intake Camshaft,480021280252790831,10/06/2025 11:05:54 PM,0°54'2"
Intake Camshaft,480021280252790828,10/06/2025 11:11:04 PM,0°38'54"
Intake Camshaft,480021280252790883,10/06/2025 11:12:07 PM,0°43'14"
Intake Camshaft,480021280252790859,10/06/2025 11:13:55 PM,0°17'17"
Intake Camshaft,480021280252790862,10/06/2025 11:14:56 PM,0°28'6"
Intake Camshaft,480021280252790833,10/06/2025 11:16:58 PM,0°23'46"
Intake Camshaft,480021280252800279,10/07/2025 09:39:45 AM,0°25'56"
Intake Camshaft,480021280252800303,10/07/2025 09:40:33 AM,0°34'35"
Intake Camshaft,480021280252800318,10/07/2025 09:49:57 AM,0°15'8"
Intake Camshaft,480021280252800279,10/07/2025 02:51:40 PM,0°30'16"
Intake Camshaft,480021280252740305,10/07/2025 02:52:54 PM,0°25'57"
Intake Camshaft,480021280252800372,10/07/2025 02:53:35 PM,1°37'17"
Intake Camshaft,480021280252800357,10/07/2025 02:55:00 PM,0°21'37"
Intake Camshaft,480021280252800338,10/07/2025 02:55:21 PM,0°43'14"
Intake Camshaft,480021280252800367,10/07/2025 02:55:39 PM,0°17'18"
Intake Camshaft,480021280252800255,10/07/2025 02:55:55 PM,0°10'49"
Intake Camshaft,480021280252800355,10/07/2025 02:56:12 PM,0°6'29"
Intake Camshaft,480021280252800378,10/07/2025 02:56:27 PM,0°30'16"
Intake Camshaft,480021280252800375,10/07/2025 02:56:48 PM,0°21'37"
Intake Camshaft,480021280252800370,10/07/2025 02:57:42 PM,0°32'26"
Intake Camshaft,480021280252800374,10/07/2025 02:58:31 PM,0°45'24"
Intake Camshaft,480021280252800398,10/07/2025 02:59:17 PM,0°47'34"
Intake Camshaft,480021280252800376,10/07/2025 03:00:33 PM,1°19'59"
Intake Camshaft,480021280252800366,10/07/2025 03:03:10 PM,1°2'41"
Intake Camshaft,480021280252800379,10/07/2025 03:03:31 PM,0°36'45"
Intake Camshaft,480021280252800410,10/07/2025 03:04:29 PM,1°4'51"
Intake Camshaft,480021280252800408,10/07/2025 03:05:16 PM,1°26'28"
Intake Camshaft,480021280252800425,10/07/2025 03:27:56 PM,1°24'43.0015000000003"
Intake Camshaft,480021280252800427,10/07/2025 03:58:34 PM,0°50'8.00149999999985"
Intake Camshaft,480021280252800427,10/07/2025 03:59:06 PM,0°52'17.0014999999999"
Intake Camshaft,480021280252800427,10/07/2025 03:59:49 PM,0°50'8.00149999999985"
Intake Camshaft,480021280252800465,10/07/2025 04:04:39 PM,1°22'9"
Intake Camshaft,480021280252800391,10/07/2025 04:05:55 PM,0°51'53"
Intake Camshaft,480021280252800447,10/07/2025 04:06:36 PM,0°54'3"
Intake Camshaft,480021280252800448,10/07/2025 04:06:53 PM,0°45'24"
Intake Camshaft,480021280252800448,10/07/2025 04:07:21 PM,0°41'5"
Intake Camshaft,480021280252800448,10/07/2025 04:46:06 PM,0°32'26"
Intake Camshaft,480021280252800469,10/07/2025 04:46:28 PM,1°26'29"
Intake Camshaft,480021280252800454,10/07/2025 04:46:46 PM,1°4'52"
Intake Camshaft,480021280252800478,10/07/2025 04:57:11 PM,0°56'12"
Intake Camshaft,480021280252800485,10/07/2025 04:58:31 PM,0°58'22"
Intake Camshaft,Calibration master,10/07/2025 04:59:31 PM,0°0'0"
Intake Camshaft,480021280252800497,10/07/2025 05:00:26 PM,1°0'32"
Intake Camshaft,480021280252800502,10/07/2025 05:01:13 PM,0°32'26"
Intake Camshaft,480021280252800498,10/07/2025 05:03:02 PM,0°17'18"
Intake Camshaft,480021280252800499,10/07/2025 05:03:41 PM,0°56'13"
Intake Camshaft,480021280252800494,10/07/2025 05:05:08 PM,1°17'50"
Intake Camshaft,480021280252800489,10/07/2025 05:07:06 PM,0°54'3"
Intake Camshaft,480021280252800496,10/07/2025 05:07:38 PM,0°43'14"
Intake Camshaft,480021280252800487,10/07/2025 05:08:10 PM,0°45'24"
Intake Camshaft,Calibration master,10/07/2025 05:15:06 PM,0°0'0"
Intake Camshaft,480021280252800484,10/07/2025 05:16:10 PM,1°17'49"
Intake Camshaft,480021280252800500,10/07/2025 05:17:46 PM,1°19'59"
Intake Camshaft,480021280252800515,10/07/2025 05:19:14 PM,1°0'32"
Intake Camshaft,480021280252800510,10/07/2025 05:20:20 PM,0°23'47"
Intake Camshaft,480021280252800513,10/07/2025 05:22:57 PM,0°47'34"
Intake Camshaft,480021280252800506,10/07/2025 05:31:23 PM,1°17'50"
Intake Camshaft,480021280252800507,10/07/2025 05:35:21 PM,1°13'30"
Intake Camshaft,480021280252800512,10/07/2025 05:38:00 PM,1°2'42"
Intake Camshaft,Calibration master,10/07/2025 05:41:28 PM,0°0'0"
Intake Camshaft,480021280252800533,10/07/2025 05:42:20 PM,0°4'19"
Intake Camshaft,480021280252800520,10/07/2025 05:42:34 PM,1°0'32"
Intake Camshaft,480021280252800534,10/07/2025 05:43:26 PM,0°54'3"
Intake Camshaft,480021280252800528,10/07/2025 05:44:24 PM,0°54'3"
Intake Camshaft,480021280252800519,10/07/2025 05:46:07 PM,0°17'18"
Intake Camshaft,480021280252800530,10/07/2025 05:46:57 PM,0°30'16"
Intake Camshaft,480021280252800524,10/07/2025 05:47:50 PM,0°23'47"
Intake Camshaft,480021280252800518,10/07/2025 05:48:37 PM,0°30'16"
Intake Camshaft,480021280252800525,10/07/2025 05:54:08 PM,0°30'16"
Intake Camshaft,480021280252800541,10/07/2025 05:58:13 PM,0°45'24"
Intake Camshaft,480021280252800544,10/07/2025 05:59:43 PM,0°47'34"
Intake Camshaft,480021280252800540,10/07/2025 06:00:44 PM,0°51'53"
Intake Camshaft,480021280252800539,10/07/2025 06:03:40 PM,0°51'53"
Intake Camshaft,480021280252800532,10/07/2025 06:04:46 PM,0°56'13"
Intake Camshaft,480021280252800537,10/07/2025 06:06:56 PM,0°54'3"
Intake Camshaft,480021280252800549,10/07/2025 06:15:44 PM,0°49'43"
Intake Camshaft,480021280252800196,10/07/2025 06:15:59 PM,0°41'5"
Intake Camshaft,480021280252800546,10/07/2025 06:17:26 PM,0°45'24"
Intake Camshaft,480021280252800548,10/07/2025 06:22:31 PM,1°19'59"
Intake Camshaft,480021280252800547,10/07/2025 06:23:17 PM,0°54'3"
Intake Camshaft,480021280252800553,10/07/2025 06:24:30 PM,1°15'40"
Intake Camshaft,480021280252800565,10/07/2025 06:25:56 PM,1°9'11"
Intake Camshaft,Calibration master,10/07/2025 06:27:30 PM,0°0'0"
Intake Camshaft,480021280252800552,10/07/2025 06:28:38 PM,0°4'19"
Intake Camshaft,480021280252800554,10/07/2025 06:29:26 PM,0°23'47"
Intake Camshaft,480021280252800564,10/07/2025 06:30:14 PM,0°30'16"
Intake Camshaft,480021280252800558,10/07/2025 06:36:43 PM,0°30'16"
Intake Camshaft,480021280252800559,10/07/2025 06:37:35 PM,0°8'39"
Intake Camshaft,480021280252800556,10/07/2025 06:38:19 PM,0°19'27"
Intake Camshaft,480021280252800571,10/07/2025 06:39:07 PM,0°10'48"
Intake Camshaft,480021280252800560,10/07/2025 06:40:11 PM,0°45'24"
Intake Camshaft,480021280252800570,10/07/2025 06:41:19 PM,0°34'35"
Intake Camshaft,480021280252800569,10/07/2025 06:42:12 PM,0°34'35"
Intake Camshaft,480021280252800555,10/07/2025 06:43:55 PM,0°12'58"
Intake Camshaft,480021280252800568,10/07/2025 06:51:46 PM,0°30'16"
Intake Camshaft,480021280252800567,10/07/2025 06:52:01 PM,0°38'54"
Intake Camshaft,480021280252800575,10/07/2025 06:53:19 PM,0°30'16"
Intake Camshaft,480021280252800574,10/07/2025 06:54:14 PM,0°19'27"
Intake Camshaft,480021280252800581,10/07/2025 06:55:26 PM,0°23'47"
Intake Camshaft,480021280252800580,10/07/2025 06:56:14 PM,0°12'58"
Intake Camshaft,480021280252800578,10/07/2025 06:59:14 PM,1°15'39"
Intake Camshaft,480021280252800590,10/07/2025 07:00:12 PM,0°56'12"
Intake Camshaft,480021280252800585,10/07/2025 07:01:04 PM,0°28'6"
Intake Camshaft,480021280252800589,10/07/2025 07:09:07 PM,0°8'39"
Intake Camshaft,480021280252800587,10/07/2025 07:10:06 PM,0°56'12"
Intake Camshaft,480021280252800586,10/07/2025 07:10:52 PM,0°49'43"
Intake Camshaft,480021280252800593,10/07/2025 07:11:39 PM,0°51'53"
Intake Camshaft,480021280252800594,10/07/2025 07:12:57 PM,0°17'18"
Intake Camshaft,480021280252800592,10/07/2025 07:15:26 PM,0°38'55"
Intake Camshaft,480021280252800597,10/07/2025 07:16:11 PM,0°21'37"
Intake Camshaft,480021280252800598,10/07/2025 07:17:07 PM,0°10'48"
Intake Camshaft,480021280252800603,10/07/2025 07:18:04 PM,0°6'29"
Intake Camshaft,480021280252800602,10/07/2025 07:19:14 PM,0°4'19"
Intake Camshaft,480021280252800605,10/07/2025 07:29:41 PM,0°6'29"
Intake Camshaft,480021280252800612,10/07/2025 07:30:38 PM,0°4'20"
Intake Camshaft,480021280252800609,10/07/2025 07:32:53 PM,0°10'48"
Intake Camshaft,480021280252800611,10/07/2025 07:33:40 PM,0°6'29"
Intake Camshaft,480021280252800599,10/07/2025 07:34:19 PM,0°51'53"
Intake Camshaft,480021280252800608,10/07/2025 07:35:04 PM,0°12'58"
Intake Camshaft,480021280252800610,10/07/2025 07:35:53 PM,0°28'6"
Intake Camshaft,480021280252800615,10/07/2025 08:06:11 PM,0°38'54"
Intake Camshaft,480021280252800616,10/07/2025 08:06:54 PM,1°0'31"
Intake Camshaft,480021280252800617,10/07/2025 08:07:49 PM,0°41'4"
Intake Camshaft,480021280252800618,10/07/2025 08:08:59 PM,1°2'41"
Intake Camshaft,480021280252800625,10/07/2025 08:09:58 PM,1°0'31"
Intake Camshaft,Calibration master,10/07/2025 08:10:17 PM,0°0'0"
Intake Camshaft,480021280252800630,10/07/2025 08:11:46 PM,0°0'0"
Intake Camshaft,480021280252800623,10/07/2025 08:13:13 PM,0°56'13"
Intake Camshaft,480021280252800632,10/07/2025 08:16:56 PM,0°17'18"
Intake Camshaft,480021280252800631,10/07/2025 08:17:43 PM,0°56'13"
Intake Camshaft,480021280252800634,10/07/2025 08:18:35 PM,1°0'32"
Intake Camshaft,480021280252800635,10/07/2025 08:19:26 PM,0°43'14"
Intake Camshaft,480021280252800636,10/07/2025 08:20:17 PM,1°2'42"
Intake Camshaft,480021280252800639,10/07/2025 08:21:04 PM,1°4'51"
Intake Camshaft,480021280252800351,10/07/2025 08:22:08 PM,0°28'6"
Intake Camshaft,480021280252800646,10/07/2025 08:22:50 PM,0°58'22"
Intake Camshaft,480021280252800352,10/07/2025 08:23:52 PM,0°34'35"
Intake Camshaft,480021280252800641,10/07/2025 08:24:55 PM,1°11'20"
Intake Camshaft,480021280252800638,10/07/2025 08:25:35 PM,0°58'22"
Intake Camshaft,480021280252800644,10/07/2025 08:26:18 PM,0°12'58"
Intake Camshaft,480021280252800651,10/07/2025 08:27:05 PM,1°4'51"
Intake Camshaft,480021280252800645,10/07/2025 08:27:53 PM,0°23'46"
Intake Camshaft,480021280252800642,10/07/2025 08:28:34 PM,0°8'38"
Intake Camshaft,480021280252800349,10/07/2025 08:29:27 PM,0°17'17"
Intake Camshaft,480021280252800350,10/07/2025 08:30:14 PM,0°38'54"
Intake Camshaft,480021280252800345,10/07/2025 08:31:00 PM,0°25'56"
Intake Camshaft,480021280252800647,10/07/2025 08:31:42 PM,0°41'4"
Intake Camshaft,480021280252800652,10/07/2025 08:36:20 PM,1°0'31"
Intake Camshaft,480021280252800653,10/07/2025 08:36:58 PM,0°47'33"
Intake Camshaft,480021280252800655,10/07/2025 08:38:54 PM,0°51'52"
Intake Camshaft,480021280252800667,10/07/2025 08:41:26 PM,1°0'31"
Intake Camshaft,480021280252800668,10/07/2025 08:41:59 PM,0°41'4"
Intake Camshaft,480021280252800656,10/07/2025 08:43:49 PM,0°56'12"
Intake Camshaft,480021280252800662,10/07/2025 08:44:28 PM,1°11'20"
Intake Camshaft,480021280252800661,10/07/2025 08:45:07 PM,1°24'18"
Intake Camshaft,480021280252800654,10/07/2025 08:45:58 PM,0°25'57"
Intake Camshaft,480021280252800670,10/07/2025 08:47:26 PM,0°49'43"
Intake Camshaft,480021280252800347,10/07/2025 08:48:04 PM,1°0'32"
Intake Camshaft,480021280252800348,10/07/2025 08:48:40 PM,0°41'4"
Intake Camshaft,480021280252800675,10/07/2025 08:49:23 PM,0°38'55"
Intake Camshaft,480021280252800672,10/07/2025 08:50:50 PM,0°47'34"
Intake Camshaft,480021280252800588,10/07/2025 08:51:29 PM,0°56'12"
Intake Camshaft,480021280252800676,10/07/2025 08:52:09 PM,0°36'45"
Intake Camshaft,480021280252800637,10/07/2025 08:52:57 PM,1°4'51"
Intake Camshaft,480021280252800561,10/07/2025 08:53:43 PM,1°11'20"
Intake Camshaft,480021280252800666,10/07/2025 08:54:31 PM,0°51'53"
Intake Camshaft,480021280252800673,10/07/2025 08:55:20 PM,0°34'36"
Intake Camshaft,480021280252800678,10/07/2025 08:56:37 PM,0°-59'-28"
Intake Camshaft,480021280252800677,10/07/2025 08:57:26 PM,0°-52'-59"
Intake Camshaft,480021280252800669,10/07/2025 08:58:09 PM,0°51'53"
Intake Camshaft,480021280252800674,10/07/2025 08:59:18 PM,0°43'14"
Intake Camshaft,480021280252800330,10/07/2025 09:00:08 PM,0°47'34"
Intake Camshaft,480021280252800626,10/07/2025 09:00:58 PM,0°-44'-20"
Intake Camshaft,480021280252800550,10/07/2025 09:01:41 PM,0°54'3"
Intake Camshaft,480021280252800562,10/07/2025 09:02:38 PM,0°-57'-18"
Intake Camshaft,480021280252800576,10/07/2025 09:04:44 PM,0°23'46"
Intake Camshaft,480021280252800573,10/07/2025 09:05:42 PM,0°47'33"
Intake Camshaft,480021280252800663,10/07/2025 09:07:09 PM,0°43'14"
Intake Camshaft,480021280252800628,10/07/2025 09:08:30 PM,0°25'56"
Intake Camshaft,480021280252800343,10/07/2025 09:09:44 PM,0°56'12"
Intake Camshaft,480021280252800606,10/07/2025 09:10:38 PM,0°4'19"
Intake Camshaft,480021280252800660,10/07/2025 09:11:21 PM,0°17'17"
Intake Camshaft,480021280252800648,10/07/2025 09:12:19 PM,0°8'38"
Intake Camshaft,480021280252800523,10/07/2025 09:13:50 PM,0°0'0"
Intake Camshaft,480021280252800679,10/07/2025 09:14:32 PM,0°43'14"
Intake Camshaft,480021280252800633,10/07/2025 09:15:20 PM,0°17'17"
Intake Camshaft,480021280252800640,10/07/2025 09:16:01 PM,0°25'56"
Intake Camshaft,480021280252800690,10/07/2025 09:17:19 PM,0°10'48"
Intake Camshaft,480021280252800650,10/07/2025 09:19:58 PM,0°17'18"
Intake Camshaft,480021280252800649,10/07/2025 09:20:45 PM,0°10'48"
Intake Camshaft,480021280252800643,10/07/2025 09:21:22 PM,0°6'30"
Intake Camshaft,480021280252800680,10/07/2025 09:22:13 PM,0°25'56"
Intake Camshaft,480021280252800686,10/07/2025 09:22:53 PM,0°0'0"
Intake Camshaft,480021280252800703,10/07/2025 09:24:24 PM,0°38'54"
Intake Camshaft,480021280252800584,10/07/2025 09:25:11 PM,1°7'0"
Intake Camshaft,480021280252800529,10/07/2025 09:26:02 PM,0°49'43"
Intake Camshaft,480021280252800535,10/07/2025 09:26:52 PM,0°45'23"
Intake Camshaft,480021280252800543,10/07/2025 09:27:57 PM,0°56'12"
Intake Camshaft,480021280252800538,10/07/2025 09:29:06 PM,1°24'19"
Intake Camshaft,480021280252800557,10/07/2025 09:29:52 PM,0°30'16"
Intake Camshaft,480021280252800684,10/07/2025 09:30:45 PM,0°49'43"
Intake Camshaft,480021280252800542,10/07/2025 09:32:47 PM,0°28'6"
Intake Camshaft,480021280252800685,10/07/2025 09:34:29 PM,0°28'6"
Intake Camshaft,480021280252800536,10/07/2025 09:35:28 PM,0°34'35"
Intake Camshaft,480021280252800517,10/07/2025 09:36:20 PM,0°28'6"
Intake Camshaft,480021280252800687,10/07/2025 09:37:12 PM,0°38'54"
Intake Camshaft,480021280252800698,10/07/2025 09:38:21 PM,0°25'56"
Intake Camshaft,480021280252800695,10/07/2025 09:39:25 PM,1°0'31"
Intake Camshaft,480021280252800697,10/07/2025 09:40:37 PM,0°45'23"
Intake Camshaft,480021280252800707,10/07/2025 09:43:19 PM,0°21'37"
Intake Camshaft,480021280252800691,10/07/2025 09:44:39 PM,0°49'43"
Intake Camshaft,480021280252800701,10/07/2025 09:51:43 PM,0°38'55"
Intake Camshaft,480021280252800681,10/07/2025 09:55:28 PM,0°38'55"
Intake Camshaft,480021280252800708,10/07/2025 09:56:48 PM,0°32'26"
Intake Camshaft,480021280252800705,10/07/2025 09:57:35 PM,0°56'13"
Intake Camshaft,480021280252800693,10/07/2025 09:59:42 PM,0°58'22"
Intake Camshaft,Calibration master,10/07/2025 10:24:00 PM,0°0'0"
Intake Camshaft,480021280252800629,10/07/2025 10:26:13 PM,0°17'17"
Intake Camshaft,480021280252800622,10/07/2025 10:26:25 PM,0°6'29"
Intake Camshaft,480021280252800714,10/07/2025 10:26:39 PM,0°28'6"
Intake Camshaft,480021280252800683,10/07/2025 10:27:57 PM,0°41'4"
Intake Camshaft,480021280252800710,10/07/2025 10:28:08 PM,0°34'35"
Intake Camshaft,480021280252800700,10/07/2025 10:28:54 PM,0°21'37"
Intake Camshaft,480021280252800711,10/07/2025 10:30:04 PM,0°41'4"
Intake Camshaft,480021280252800579,10/07/2025 10:30:40 PM,0°15'8"
Intake Camshaft,480021280252800682,10/07/2025 10:33:06 PM,0°49'43"
Intake Camshaft,480021280252800702,10/07/2025 10:33:17 PM,0°19'27"
Intake Camshaft,480021280252800688,10/07/2025 10:35:08 PM,0°56'12"
Intake Camshaft,480021280252800715,10/07/2025 10:35:21 PM,0°19'27"
Intake Camshaft,480021280252800728,10/07/2025 10:35:34 PM,0°36'45"
Intake Camshaft,480021280252800720,10/07/2025 10:37:04 PM,0°6'29"
Intake Camshaft,480021280252800699,10/07/2025 10:37:14 PM,0°0'0"
Intake Camshaft,480021280252800712,10/07/2025 10:38:11 PM,0°10'48"
Intake Camshaft,480021280252800522,10/07/2025 10:38:31 PM,0°4'20"
Intake Camshaft,480021280252800706,10/07/2025 10:39:38 PM,0°12'59"
Intake Camshaft,480021280252800692,10/07/2025 10:41:40 PM,0°6'29"
Intake Camshaft,480021280252800723,10/07/2025 10:42:00 PM,0°6'29"
Intake Camshaft,480021280252800713,10/07/2025 10:42:22 PM,0°4'20"
Intake Camshaft,480021280252800716,10/07/2025 10:49:11 PM,0°32'26"
Intake Camshaft,480021280252800694,10/07/2025 10:50:38 PM,0°34'35"
Intake Camshaft,480021280252800734,10/07/2025 10:50:59 PM,0°30'15"
Intake Camshaft,480021280252800749,10/07/2025 10:51:26 PM,0°4'20"
Intake Camshaft,480021280252800757,10/07/2025 10:51:55 PM,0°4'19"
Intake Camshaft,480021280252800572,10/07/2025 10:52:25 PM,0°8'39"
Intake Camshaft,480021280252800739,10/07/2025 10:52:49 PM,0°23'47"
Intake Camshaft,480021280252800738,10/07/2025 10:53:20 PM,0°23'47"
Intake Camshaft,480021280252800743,10/07/2025 10:55:00 PM,0°34'36"
Intake Camshaft,480021280252800740,10/07/2025 10:55:22 PM,0°36'45"
Intake Camshaft,480021280252800755,10/07/2025 10:55:44 PM,0°4'19"
Intake Camshaft,480021280252800752,10/07/2025 10:56:08 PM,0°17'18"
Intake Camshaft,480021280252800742,10/07/2025 10:56:27 PM,0°21'37"
Intake Camshaft,480021280252800748,10/07/2025 10:57:43 PM,0°49'43"
Intake Camshaft,480021280252800760,10/07/2025 10:59:39 PM,0°49'43"
Intake Camshaft,480021280252800761,10/07/2025 11:00:57 PM,0°12'59"
Intake Camshaft,480021280252800758,10/07/2025 11:02:13 PM,0°-40'-1"
Intake Camshaft,480021280252800750,10/07/2025 11:02:45 PM,0°56'13"
Intake Camshaft,Calibration master,10/07/2025 11:05:17 PM,0°0'0"
Intake Camshaft,480021280252800746,10/07/2025 11:05:36 PM,0°38'54"
Intake Camshaft,480021280252800745,10/07/2025 11:06:51 PM,0°45'23"
Intake Camshaft,480021280252800764,10/07/2025 11:07:25 PM,0°58'22"
Intake Camshaft,480021280252800766,10/07/2025 11:07:46 PM,1°9'10"
Intake Camshaft,480021280252800744,10/07/2025 11:08:08 PM,0°49'43"
Intake Camshaft,480021280252800772,10/07/2025 11:08:29 PM,0°58'22"
Intake Camshaft,480021280252800627,10/07/2025 11:08:47 PM,0°21'37"
Intake Camshaft,480021280252800759,10/07/2025 11:10:09 PM,0°47'33"
Intake Camshaft,480021280252800753,10/07/2025 11:11:32 PM,0°23'46"
Intake Camshaft,480021280252800765,10/07/2025 11:11:52 PM,1°24'18"
Intake Camshaft,480021280252800776,10/07/2025 11:12:27 PM,1°17'49"
Intake Camshaft,Calibration master,10/07/2025 11:13:27 PM,0°0'0"
Intake Camshaft,480021280252800774,10/07/2025 11:13:46 PM,0°45'24"
Intake Camshaft,480021280252800779,10/07/2025 11:15:34 PM,0°15'8"
Intake Camshaft,480021280252800775,10/07/2025 11:15:53 PM,0°28'6"
Intake Camshaft,480021280252800756,10/07/2025 11:16:14 PM,0°23'47"
Intake Camshaft,480021280252800778,10/07/2025 11:16:35 PM,0°34'35"
Intake Camshaft,480021280252800770,10/07/2025 11:16:50 PM,0°47'33"
Intake Camshaft,480021280252800747,10/07/2025 11:17:04 PM,0°45'24"
Intake Camshaft,480021280252800736,10/07/2025 11:19:05 PM,1°2'41"
Intake Camshaft,480021280252800782,10/07/2025 11:19:21 PM,0°41'4"
Intake Camshaft,480021280252800769,10/07/2025 11:19:39 PM,0°49'43"
Intake Camshaft,480021280252800781,10/07/2025 11:19:55 PM,0°51'53"
Intake Camshaft,480021280252800773,10/07/2025 11:21:45 PM,1°48'5"
Intake Camshaft,Calibration master,10/07/2025 11:22:31 PM,0°0'0"
Intake Camshaft,480021280252800777,10/07/2025 11:24:46 PM,0°49'43"
Intake Camshaft,480021280252800784,10/07/2025 11:25:28 PM,1°13'30"
Intake Camshaft,480021280252800771,10/07/2025 11:26:56 PM,0°21'37"
Intake Camshaft,480021280252800767,10/07/2025 11:27:15 PM,1°4'51"
Intake Camshaft,480021280252800780,10/07/2025 11:27:36 PM,0°56'12"
Intake Camshaft,480021280252800786,10/07/2025 11:30:06 PM,0°4'20"
Intake Camshaft,480021280252800793,10/07/2025 11:30:23 PM,1°9'11"
Intake Camshaft,480021280252800619,10/07/2025 11:31:31 PM,0°17'18"
Intake Camshaft,480021280252800704,10/07/2025 11:32:13 PM,0°17'18"
Intake Camshaft,Calibration master,10/07/2025 11:32:59 PM,0°0'0"
Intake Camshaft,480021280252800551,10/07/2025 11:33:27 PM,1°48'5"
Intake Camshaft,480021280252800794,10/07/2025 11:36:05 PM,1°13'30"
Intake Camshaft,480021280252800596,10/07/2025 11:36:18 PM,0°38'55"
Intake Camshaft,480021280252800601,10/07/2025 11:38:00 PM,1°0'32"
Intake Camshaft,480021280252800797,10/07/2025 11:39:30 PM,0°28'7"
Intake Camshaft,480021280252800799,10/07/2025 11:40:29 PM,0°25'57"
Intake Camshaft,480021280252800801,10/07/2025 11:41:05 PM,0°25'57"
Intake Camshaft,480021280252800795,10/07/2025 11:41:29 PM,1°0'32"
Intake Camshaft,480021280252800483,10/07/2025 11:41:52 PM,0°28'7"
Intake Camshaft,480021280252800803,10/07/2025 11:42:59 PM,0°0'0"
Intake Camshaft,480021280252800491,10/07/2025 11:43:31 PM,0°6'29"
Intake Camshaft,480021280252800332,10/07/2025 11:44:02 PM,0°2'10"
Intake Camshaft,480021280252800802,10/07/2025 11:44:28 PM,0°28'7"
Intake Camshaft,480021280252800311,10/07/2025 11:44:48 PM,0°21'37"
Intake Camshaft,480021280252800456,10/07/2025 11:46:10 PM,0°43'14"
Intake Camshaft,480021280252800319,10/07/2025 11:46:35 PM,0°19'28"
Intake Camshaft,480021280252800331,10/07/2025 11:47:44 PM,0°10'49"
Intake Camshaft,Calibration master,10/07/2025 11:48:18 PM,0°0'0"
Intake Camshaft,480021280252800621,10/07/2025 11:48:40 PM,1°30'47"
Intake Camshaft,480021280252800488,10/07/2025 11:49:19 PM,0°2'10"
Intake Camshaft,480021280252800473,10/07/2025 11:51:20 PM,0°25'56"
Intake Camshaft,480021280252800446,10/07/2025 11:51:34 PM,0°19'27"
Intake Camshaft,480021280252800464,10/07/2025 11:51:59 PM,0°34'35"
Intake Camshaft,480021280252800689,10/07/2025 11:52:43 PM,0°47'33"
Intake Camshaft,480021280252800607,10/07/2025 11:53:45 PM,0°8'39"
Intake Camshaft,480021280252800790,10/07/2025 11:55:52 PM,0°17'18"
Intake Camshaft,480021280252800798,10/07/2025 11:56:09 PM,0°21'37"
Intake Camshaft,480021280252800595,10/07/2025 11:56:25 PM,0°23'47"
Intake Camshaft,480021280252800788,10/07/2025 11:56:43 PM,0°17'18"
Intake Camshaft,480021280252800796,10/07/2025 11:56:59 PM,0°21'37"
Intake Camshaft,480021280252800791,10/07/2025 11:57:57 PM,0°21'37"
Intake Camshaft,480021280252800817,10/07/2025 11:58:14 PM,0°19'27"
Intake Camshaft,480021280252800814,10/07/2025 11:59:35 PM,0°21'37"
Intake Camshaft,480021280252800818,10/08/2025 12:00:02 AM,0°30'16"
Intake Camshaft,480021280252800312,10/08/2025 12:01:16 AM,0°36'45"
Intake Camshaft,480021280252800503,10/08/2025 12:01:32 AM,0°28'7"
Intake Camshaft,480021280252800812,10/08/2025 12:01:47 AM,0°28'7"
Intake Camshaft,480021280252800526,10/08/2025 12:02:50 AM,0°34'36"
Intake Camshaft,480021280252800389,10/08/2025 12:03:18 AM,0°36'45"
Intake Camshaft,480021280252800816,10/08/2025 12:03:52 AM,0°30'16"
Intake Camshaft,480021280252800813,10/08/2025 12:04:42 AM,0°36'45"
Intake Camshaft,480021280252800511,10/08/2025 12:05:36 AM,0°47'34"
Intake Camshaft,480021280252800504,10/08/2025 12:05:52 AM,0°51'53"
Intake Camshaft,480021280252800482,10/08/2025 12:06:42 AM,0°21'37"
Intake Camshaft,480021280252800467,10/08/2025 12:08:17 AM,0°38'55"
Intake Camshaft,480021280252800430,10/08/2025 12:08:34 AM,0°23'47"
Intake Camshaft,480021280252800439,10/08/2025 12:10:39 AM,0°21'37"
Intake Camshaft,480021280252800431,10/08/2025 12:10:59 AM,0°23'47"
Intake Camshaft,480021280252800382,10/08/2025 12:11:27 AM,0°28'7"
Intake Camshaft,480021280252800412,10/08/2025 12:15:44 AM,0°17'17"
Intake Camshaft,480021280252800388,10/08/2025 12:16:09 AM,0°17'17"
Intake Camshaft,480021280252800417,10/08/2025 12:16:55 AM,0°23'46"
Intake Camshaft,480021280252800466,10/08/2025 12:17:11 AM,0°6'30"
Intake Camshaft,480021280252800429,10/08/2025 12:17:38 AM,0°12'59"
Intake Camshaft,480021280252800468,10/08/2025 12:19:25 AM,0°2'10"
Intake Camshaft,480021280252800471,10/08/2025 12:24:14 AM,0°30'16"
Intake Camshaft,480021280252800521,10/08/2025 12:24:52 AM,0°30'16"
Intake Camshaft,480021280252800305,10/08/2025 12:25:44 AM,0°8'39"
Intake Camshaft,480021280252800815,10/08/2025 12:26:06 AM,0°21'37"
Intake Camshaft,480021280252800754,10/08/2025 12:28:01 AM,0°6'30"
Intake Camshaft,480021280252800825,10/08/2025 12:30:39 AM,0°23'46"
Intake Camshaft,480021280252800313,10/08/2025 12:30:56 AM,0°2'9"
Intake Camshaft,480021280252800820,10/08/2025 12:31:16 AM,0°2'10"
Intake Camshaft,480021280252800822,10/08/2025 12:32:01 AM,0°38'54"
Intake Camshaft,480021280252800741,10/08/2025 12:32:14 AM,0°4'19"
Intake Camshaft,480021280252800591,10/08/2025 12:32:44 AM,0°45'23"
Intake Camshaft,480021280252800253,10/08/2025 12:33:01 AM,0°58'21"
Intake Camshaft,480021280252800819,10/08/2025 12:33:20 AM,0°56'12"
Intake Camshaft,480021280252800785,10/08/2025 12:33:37 AM,0°17'17"
Intake Camshaft,480021280252800768,10/08/2025 12:33:52 AM,0°2'9"
Intake Camshaft,480021280252800763,10/08/2025 12:34:10 AM,1°9'10"
Intake Camshaft,480021280252800828,10/08/2025 12:34:30 AM,0°56'12"
Intake Camshaft,480021280252800285,10/08/2025 12:34:49 AM,0°49'43"
Intake Camshaft,480021280252800479,10/08/2025 12:35:31 AM,0°49'43"
Intake Camshaft,480021280252800258,10/08/2025 12:36:19 AM,0°47'33"
Intake Camshaft,480021280252800237,10/08/2025 12:38:37 AM,1°19'58"
Intake Camshaft,Calibration master,10/08/2025 12:39:14 AM,0°0'0"
Intake Camshaft,480021280252800829,10/08/2025 12:39:44 AM,0°4'20"
Intake Camshaft,480021280252800369,10/08/2025 12:40:00 AM,0°21'37"
Intake Camshaft,480021280252800620,10/08/2025 12:40:46 AM,0°-53'0"
Intake Camshaft,480021280252800800,10/08/2025 12:45:27 AM,0°-59'-29"
Intake Camshaft,Calibration master,10/08/2025 12:47:41 AM,0°0'0"
Intake Camshaft,480021280252800202,10/08/2025 12:48:09 AM,0°-44'-20"
Intake Camshaft,480021280252800211,10/08/2025 12:49:50 AM,0°54'3"
Intake Camshaft,480021280252800827,10/08/2025 12:50:11 AM,0°56'13"
Intake Camshaft,480021280252800296,10/08/2025 12:52:41 AM,0°58'22"
Intake Camshaft,480021280252800833,10/08/2025 12:52:57 AM,0°21'37"
Intake Camshaft,480021280252800276,10/08/2025 01:31:49 AM,0°-55'-9"
Intake Camshaft,480021280252800257,10/08/2025 01:32:10 AM,0°38'55"
Intake Camshaft,480021280252800834,10/08/2025 01:33:15 AM,0°58'22"
Intake Camshaft,480021280252800292,10/08/2025 01:34:59 AM,0°6'29"
Intake Camshaft,480021280252800293,10/08/2025 01:35:17 AM,0°4'20"
Intake Camshaft,480021280252800299,10/08/2025 01:35:33 AM,0°36'45"
Intake Camshaft,Calibration master,10/08/2025 01:37:19 AM,0°0'0"
Intake Camshaft,480021280252800300,10/08/2025 01:37:44 AM,0°54'2"
Intake Camshaft,480021280252800835,10/08/2025 01:38:03 AM,0°45'23"
Intake Camshaft,480021280252800831,10/08/2025 01:38:38 AM,0°56'12"
Intake Camshaft,480021280252800821,10/08/2025 01:40:40 AM,0°30'15"
Intake Camshaft,480021280252800836,10/08/2025 01:40:58 AM,0°43'14"
Intake Camshaft,480021280252800225,10/08/2025 01:41:19 AM,0°25'56"
Intake Camshaft,480021280252810009,10/08/2025 01:41:38 AM,0°-55'-9"
Intake Camshaft,480021280252800832,10/08/2025 01:43:27 AM,0°47'33"
Intake Camshaft,480021280252800187,10/08/2025 01:43:52 AM,0°-50'-50"
Intake Camshaft,480021280252810007,10/08/2025 01:44:24 AM,0°8'38"
Intake Camshaft,480021280252800840,10/08/2025 01:48:42 AM,0°15'7"
Intake Camshaft,480021280252810012,10/08/2025 01:50:17 AM,0°43'14"
Intake Camshaft,480021280252800841,10/08/2025 01:50:56 AM,0°25'56"
Intake Camshaft,480021280252800227,10/08/2025 01:51:38 AM,0°56'12"
Intake Camshaft,480021280252810001,10/08/2025 01:52:00 AM,0°-50'-50"
Intake Camshaft,480021280252800281,10/08/2025 01:53:18 AM,0°41'4"
Intake Camshaft,480021280252810003,10/08/2025 01:55:21 AM,0°-42'-11"
Intake Camshaft,480021280252800176,10/08/2025 01:55:40 AM,0°-53'0"
Intake Camshaft,480021280252810004,10/08/2025 01:58:53 AM,0°-35'-42"
Intake Camshaft,480021280252810014,10/08/2025 01:59:29 AM,0°-46'-31"
Intake Camshaft,480021280252810015,10/08/2025 01:59:52 AM,0°58'21"
Intake Camshaft,480021280252810008,10/08/2025 02:00:12 AM,0°-46'-31"
Intake Camshaft,480021280252800838,10/08/2025 02:01:38 AM,0°38'54"
Intake Camshaft,480021280252800842,10/08/2025 02:03:07 AM,0°17'17"
Intake Camshaft,480021280252810010,10/08/2025 02:03:27 AM,0°32'25"
Intake Camshaft,480021280252800286,10/08/2025 02:05:12 AM,0°32'25"
Intake Camshaft,480021280252810013,10/08/2025 02:05:47 AM,0°-48'-40"
Intake Camshaft,480021280252800222,10/08/2025 02:06:09 AM,0°-46'-31"
Intake Camshaft,480021280252800291,10/08/2025 02:06:45 AM,0°41'4"
Intake Camshaft,480021280252810024,10/08/2025 02:07:02 AM,0°-53'0"
Intake Camshaft,480021280252810019,10/08/2025 02:07:19 AM,0°-40'-2"
Intake Camshaft,480021280252810021,10/08/2025 02:08:49 AM,0°-59'-29"
Intake Camshaft,480021280252800240,10/08/2025 02:09:10 AM,0°-55'-9"
Intake Camshaft,480021280252800220,10/08/2025 02:10:11 AM,0°-46'-31"
Intake Camshaft,480021280252810025,10/08/2025 02:10:33 AM,0°56'12"
Intake Camshaft,480021280252800183,10/08/2025 02:12:52 AM,0°-57'-19"
Intake Camshaft,480021280252800839,10/08/2025 02:13:15 AM,0°-59'-29"
Intake Camshaft,480021280252810006,10/08/2025 02:13:56 AM,0°-48'-40"
Intake Camshaft,480021280252800244,10/08/2025 02:15:37 AM,0°41'4"
Intake Camshaft,480021280252800275,10/08/2025 02:16:38 AM,0°34'35"
Intake Camshaft,480021280252800263,10/08/2025 02:17:12 AM,0°56'12"
Intake Camshaft,480021280252800254,10/08/2025 02:17:57 AM,0°36'44"
Intake Camshaft,480021280252800294,10/08/2025 02:18:16 AM,0°-44'-21"
Intake Camshaft,480021280252800241,10/08/2025 02:20:46 AM,0°49'43"
Intake Camshaft,480021280252800273,10/08/2025 02:21:39 AM,0°36'44"
Intake Camshaft,480021280252800226,10/08/2025 02:24:40 AM,0°25'56"
Intake Camshaft,480021280252810033,10/08/2025 02:25:25 AM,0°-57'-19"
Intake Camshaft,480021280252800246,10/08/2025 02:25:53 AM,0°49'43"
Intake Camshaft,480021280252810027,10/08/2025 02:26:21 AM,0°8'38"
Intake Camshaft,480021280252800264,10/08/2025 02:28:11 AM,0°49'43"
Intake Camshaft,480021280252810022,10/08/2025 02:30:23 AM,0°-48'-40"
Intake Camshaft,480021280252800242,10/08/2025 02:30:39 AM,0°34'35"
Intake Camshaft,480021280252800223,10/08/2025 02:31:06 AM,0°-37'-52"
Intake Camshaft,480021280252800262,10/08/2025 02:40:19 AM,0°45'23"
Intake Camshaft,480021280252810028,10/08/2025 02:40:37 AM,0°56'12"
Intake Camshaft,480021280252800205,10/08/2025 02:40:57 AM,0°54'2"
Intake Camshaft,480021280252810038,10/08/2025 02:41:18 AM,0°-59'-29"
Intake Camshaft,480021280252810037,10/08/2025 02:41:37 AM,0°36'44"
Intake Camshaft,480021280252810020,10/08/2025 02:41:53 AM,0°25'56"
Intake Camshaft,480021280252810016,10/08/2025 02:42:10 AM,0°-42'-11"
Intake Camshaft,480021280252800230,10/08/2025 02:42:29 AM,0°34'35"
Intake Camshaft,480021280252810032,10/08/2025 02:43:48 AM,0°45'23"
Intake Camshaft,480021280252810029,10/08/2025 02:44:05 AM,0°43'14"
Intake Camshaft,480021280252800346,10/08/2025 02:44:25 AM,0°25'56"
Intake Camshaft,480021280252800336,10/08/2025 02:45:52 AM,0°2'10"
Intake Camshaft,480021280252810030,10/08/2025 02:47:04 AM,0°4'20"
Intake Camshaft,480021280252800365,10/08/2025 02:47:24 AM,0°28'6"
Intake Camshaft,480021280252810035,10/08/2025 02:47:45 AM,0°34'36"
Intake Camshaft,480021280252800288,10/08/2025 02:48:05 AM,0°21'37"
Intake Camshaft,480021280252800181,10/08/2025 02:49:27 AM,0°6'29"
Intake Camshaft,480021280252810031,10/08/2025 02:49:49 AM,0°12'58"
Intake Camshaft,480021280252800359,10/08/2025 02:52:06 AM,0°25'56"
Intake Camshaft,480021280252800218,10/08/2025 02:54:50 AM,0°0'0"
Intake Camshaft,480021280252800232,10/08/2025 02:56:39 AM,1°0'32"
Intake Camshaft,480021280252800358,10/08/2025 03:05:08 AM,0°21'37"
Intake Camshaft,480021280252800012,10/08/2025 03:05:25 AM,0°30'15"
Intake Camshaft,480021280252810047,10/08/2025 03:06:25 AM,0°8'38"
Intake Camshaft,480021280252810026,10/08/2025 03:08:08 AM,0°6'29"
Intake Camshaft,480021280252800049,10/08/2025 03:08:28 AM,0°4'20"
Intake Camshaft,480021280252800236,10/08/2025 03:08:46 AM,0°15'7"
Intake Camshaft,480021280252810039,10/08/2025 03:09:01 AM,0°58'22"
Intake Camshaft,480021280252800356,10/08/2025 03:09:19 AM,0°41'5"
Intake Camshaft,480021280252800360,10/08/2025 03:09:38 AM,1°0'32"
Intake Camshaft,480021280252800039,10/08/2025 03:09:55 AM,0°15'8"
Intake Camshaft,480021280252810042,10/08/2025 03:10:17 AM,0°2'9"
Intake Camshaft,480021280252800050,10/08/2025 03:10:34 AM,0°28'7"
Intake Camshaft,480021280252810044,10/08/2025 03:11:59 AM,0°21'37"
Intake Camshaft,480021280252810034,10/08/2025 03:13:23 AM,0°2'9"
Intake Camshaft,480021280252800005,10/08/2025 03:14:25 AM,0°2'9"
Intake Camshaft,480021280252800006,10/08/2025 03:15:26 AM,0°17'18"
Intake Camshaft,480021280252800010,10/08/2025 03:15:50 AM,0°19'27"
Intake Camshaft,480021280252800023,10/08/2025 03:16:30 AM,0°10'49"
Intake Camshaft,480021280252800013,10/08/2025 03:17:42 AM,0°0'0"
Intake Camshaft,480021280252800036,10/08/2025 03:18:56 AM,0°0'0"
Intake Camshaft,480021280252810043,10/08/2025 03:19:39 AM,0°6'30"
Intake Camshaft,480021280252800112,10/08/2025 03:20:04 AM,0°21'37"
Intake Camshaft,480021280252810005,10/08/2025 03:20:37 AM,0°0'0"
Intake Camshaft,480021280252800053,10/08/2025 03:21:18 AM,0°36'45"
Intake Camshaft,480021280252800107,10/08/2025 03:21:37 AM,0°17'18"
Intake Camshaft,480021280252810045,10/08/2025 03:29:05 AM,0°2'10"
Intake Camshaft,480021280252800111,10/08/2025 03:38:08 AM,0°38'55"
Intake Camshaft,480021280252810041,10/08/2025 03:40:19 AM,0°0'0"
Intake Camshaft,480021280252800047,10/08/2025 03:41:48 AM,0°8'39"
Intake Camshaft,480021280252800100,10/08/2025 03:42:41 AM,0°2'9"
Intake Camshaft,480021280252800070,10/08/2025 03:46:06 AM,0°12'59"
Intake Camshaft,480021280252810040,10/08/2025 03:47:12 AM,0°15'8"
Intake Camshaft,480021280252810046,10/08/2025 03:50:45 AM,0°12'59"
Intake Camshaft,480021280252800024,10/08/2025 03:51:04 AM,0°12'58"
Intake Camshaft,480021280252800113,10/08/2025 03:51:20 AM,0°32'26"
Intake Camshaft,480021280252800021,10/08/2025 03:51:38 AM,0°28'7"
Intake Camshaft,480021280252800094,10/08/2025 03:52:32 AM,0°2'9"
Intake Camshaft,480021280252800214,10/08/2025 03:54:22 AM,0°6'30"
Intake Camshaft,480021280252800830,10/08/2025 03:55:36 AM,0°8'39"
Intake Camshaft,480021280252800792,10/08/2025 03:56:56 AM,0°0'0"
Intake Camshaft,480021280252800249,10/08/2025 03:59:50 AM,0°17'18"
Intake Camshaft,480021280252800207,10/08/2025 04:00:05 AM,0°17'18"
Intake Camshaft,480021280252800206,10/08/2025 04:03:01 AM,0°10'49"
Intake Camshaft,480021280252800265,10/08/2025 04:03:32 AM,0°10'49"
Intake Camshaft,480021280252800721,10/08/2025 04:05:43 AM,0°4'20"
Intake Camshaft,480021280252800762,10/08/2025 04:06:49 AM,0°0'0"
Intake Camshaft,480021280252800737,10/08/2025 04:07:57 AM,0°10'49"
Intake Camshaft,480021280252800789,10/08/2025 04:08:51 AM,0°17'18"
Intake Camshaft,480021280252800783,10/08/2025 04:09:06 AM,0°25'57"
Intake Camshaft,480021280252800234,10/08/2025 04:09:22 AM,0°6'30"
Intake Camshaft,480021280252800824,10/08/2025 04:09:40 AM,0°19'28"
Intake Camshaft,480021280252800709,10/08/2025 04:10:00 AM,0°21'37"
Intake Camshaft,480021280252800787,10/08/2025 04:10:16 AM,0°10'49"
Intake Camshaft,480021280252800826,10/08/2025 04:10:30 AM,0°12'58"
Intake Camshaft,480021280252800729,10/08/2025 04:11:51 AM,0°10'48"
Intake Camshaft,480021280252800733,10/08/2025 04:12:37 AM,0°28'6"
Intake Camshaft,480021280252800725,10/08/2025 04:12:48 AM,0°10'49"
Intake Camshaft,480021280252800726,10/08/2025 04:13:34 AM,0°12'58"
Intake Camshaft,480021280252800730,10/08/2025 04:14:22 AM,0°4'19"
Intake Camshaft,480021280252800722,10/08/2025 04:15:12 AM,0°25'57"
Intake Camshaft,480021280252800719,10/08/2025 04:16:00 AM,0°10'48"
Intake Camshaft,480021280252800717,10/08/2025 04:16:54 AM,0°6'29"
Intake Camshaft,480021280252800718,10/08/2025 04:17:51 AM,0°23'46"
Intake Camshaft,480021280252800018,10/08/2025 04:18:37 AM,0°4'19"
Intake Camshaft,480021280252800732,10/08/2025 04:20:25 AM,0°15'8"
Intake Camshaft,480021280252800727,10/08/2025 04:20:37 AM,0°41'4"
Intake Camshaft,480021280252800724,10/08/2025 04:21:27 AM,0°15'7"
Intake Camshaft,480021280252800342,10/08/2025 04:22:22 AM,0°32'25"
Intake Camshaft,480021280252800735,10/08/2025 04:23:30 AM,0°30'15"
Intake Camshaft,480021280252800077,10/08/2025 04:24:17 AM,0°23'46"
Intake Camshaft,480021280252800409,10/08/2025 04:25:09 AM,0°51'52"
Intake Camshaft,480021280252800108,10/08/2025 04:26:10 AM,0°-46'-31"
Intake Camshaft,Calibration master,10/08/2025 04:26:43 AM,0°0'0"
Intake Camshaft,480021280252800434,10/08/2025 04:27:06 AM,0°-57'-18"
Intake Camshaft,480021280252800302,10/08/2025 04:27:52 AM,0°47'34"
Intake Camshaft,480021280252800416,10/08/2025 04:28:49 AM,0°38'55"
Intake Camshaft,480021280252800250,10/08/2025 04:29:36 AM,0°-42'-10"
Intake Camshaft,480021280252800392,10/08/2025 04:31:06 AM,0°-44'-20"
Intake Camshaft,480021280252800437,10/08/2025 04:31:20 AM,0°-46'-30"
Intake Camshaft,480021280252800397,10/08/2025 04:32:11 AM,0°-52'-59"
Intake Camshaft,480021280252800403,10/08/2025 04:33:46 AM,0°36'45"
Intake Camshaft,480021280252800405,10/08/2025 04:34:00 AM,0°-46'-30"
Intake Camshaft,480021280252800444,10/08/2025 04:35:21 AM,0°-29'-12"
Intake Camshaft,Calibration master,10/08/2025 04:36:13 AM,0°0'0"
Intake Camshaft,480021280252800805,10/08/2025 04:36:32 AM,0°51'52"
Intake Camshaft,480021280252800157,10/08/2025 04:39:01 AM,0°56'12"
Intake Camshaft,480021280252800527,10/08/2025 04:39:13 AM,0°38'54"
Intake Camshaft,480021280252800097,10/08/2025 04:39:27 AM,0°-46'-31"
Intake Camshaft,480021280252800098,10/08/2025 04:41:03 AM,0°-46'-31"
Intake Camshaft,480021280252800099,10/08/2025 04:41:33 AM,0°54'2"
Intake Camshaft,480021280252800083,10/08/2025 04:42:47 AM,0°36'44"
Intake Camshaft,480021280252800085,10/08/2025 04:43:24 AM,0°-55'-9"
Intake Camshaft,480021280252800132,10/08/2025 04:43:39 AM,0°54'2"
Intake Camshaft,480021280252800493,10/08/2025 04:44:08 AM,0°-53'0"
Intake Camshaft,480021280252800326,10/08/2025 04:48:43 AM,0°-40'-2"
Intake Camshaft,Calibration master,10/08/2025 04:49:23 AM,0°0'0"
Intake Camshaft,480021280252800449,10/08/2025 04:49:46 AM,0°45'23"
Intake Camshaft,480021280252790852,10/08/2025 04:50:01 AM,0°41'4"
Intake Camshaft,480021280252790811,10/08/2025 04:50:18 AM,0°28'6"
Intake Camshaft,480021280252790878,10/08/2025 04:50:32 AM,0°23'46"
Intake Camshaft,480021280252800153,10/08/2025 04:50:56 AM,0°10'49"
Intake Camshaft,480021280252790856,10/08/2025 04:51:24 AM,0°2'10"
Intake Camshaft,480021280252790812,10/08/2025 04:51:39 AM,0°15'8"
Intake Camshaft,480021280252790847,10/08/2025 04:51:54 AM,0°19'28"
Intake Camshaft,480021280252800495,10/08/2025 04:52:08 AM,0°51'53"
Intake Camshaft,480021280252790806,10/08/2025 04:52:22 AM,0°49'43"
Intake Camshaft,480021280252790807,10/08/2025 04:53:40 AM,0°30'16"
Intake Camshaft,480021280252800804,10/08/2025 04:54:04 AM,0°41'5"
Intake Camshaft,480021280252790927,10/08/2025 04:54:29 AM,0°36'45"
Intake Camshaft,480021280252790850,10/08/2025 04:55:03 AM,0°43'14"
Intake Camshaft,480021280252800301,10/08/2025 04:55:20 AM,0°17'18"
Intake Camshaft,480021280252790855,10/08/2025 04:55:54 AM,0°45'24"
Intake Camshaft,480021280252800810,10/08/2025 04:58:42 AM,0°47'34"
Intake Camshaft,480021280252790913,10/08/2025 04:59:05 AM,0°49'43"
Intake Camshaft,480021280252800823,10/08/2025 04:59:22 AM,1°26'28"
Intake Camshaft,480021280252790822,10/08/2025 04:59:40 AM,1°0'32"
Intake Camshaft,480021280252790814,10/08/2025 04:59:59 AM,0°54'3"
Intake Camshaft,480021280252790921,10/08/2025 05:00:14 AM,0°58'22"
Intake Camshaft,480021280252800377,10/08/2025 05:00:30 AM,1°11'20"
Intake Camshaft,480021280252790777,10/08/2025 05:00:46 AM,1°26'28"
Intake Camshaft,Calibration master,10/08/2025 05:01:28 AM,0°0'0"
Intake Camshaft,480021280252810036,10/08/2025 05:01:53 AM,0°43'14"
Intake Camshaft,480021280252790815,10/08/2025 05:07:02 AM,0°28'6"
Intake Camshaft,480021280252790799,10/08/2025 05:08:26 AM,0°47'33"
Intake Camshaft,480021280252790846,10/08/2025 05:09:24 AM,0°-55'-9"
Intake Camshaft,480021280252790829,10/08/2025 05:10:50 AM,0°21'37"
Intake Camshaft,480021280252790832,10/08/2025 05:11:39 AM,0°45'24"
Intake Camshaft,480021280252790819,10/08/2025 05:11:51 AM,0°-59'-28"
Intake Camshaft,480021280252790786,10/08/2025 05:13:19 AM,0°-55'-9"
Intake Camshaft,480021280252790906,10/08/2025 05:14:29 AM,0°-46'-30"
Intake Camshaft,480021280252790922,10/08/2025 05:15:07 AM,0°30'16"
Intake Camshaft,480021280252790837,10/08/2025 05:17:32 AM,0°41'4"
Intake Camshaft,480021280252790879,10/08/2025 05:20:54 AM,0°45'24"
Intake Camshaft,480021280252790848,10/08/2025 05:22:17 AM,0°56'12"
Intake Camshaft,480021280252790848,10/08/2025 05:25:31 AM,0°-52'-59"
Intake Camshaft,480021280252790840,10/08/2025 05:28:53 AM,0°-46'-30"
Intake Camshaft,480021280252800806,10/08/2025 05:29:04 AM,0°-55'-9"
Intake Camshaft,480021280252800807,10/08/2025 05:29:17 AM,0°-48'-40"
Intake Camshaft,480021280252790887,10/08/2025 05:29:31 AM,0°-50'-50"
Intake Camshaft,480021280252790901,10/08/2025 05:29:54 AM,0°-40'-1"
Intake Camshaft,Calibration master,10/08/2025 05:30:39 AM,0°0'0"
Intake Camshaft,480021280252790627,10/08/2025 05:30:58 AM,0°-42'-11"
Intake Camshaft,480021280252790789,10/08/2025 05:32:29 AM,0°-46'-30"
Intake Camshaft,480021280252790646,10/08/2025 05:34:07 AM,0°54'3"
Intake Camshaft,480021280252790665,10/08/2025 05:34:52 AM,0°58'22"
Intake Camshaft,480021280252790842,10/08/2025 05:35:57 AM,0°-35'-41"
Intake Camshaft,480021280252790671,10/08/2025 05:36:08 AM,0°-40'-1"
Intake Camshaft,480021280252790606,10/08/2025 05:36:19 AM,0°58'22"
Intake Camshaft,480021280252790838,10/08/2025 05:37:17 AM,0°58'22"
Intake Camshaft,Calibration master,10/08/2025 05:40:42 AM,0°0'0"
Intake Camshaft,480021280252800419,10/08/2025 05:41:04 AM,0°-44'-21"
Intake Camshaft,480021280252790677,10/08/2025 05:41:14 AM,0°-53'0"
Intake Camshaft,480021280252790763,10/08/2025 05:42:42 AM,0°41'4"
Intake Camshaft,480021280252790662,10/08/2025 05:42:55 AM,0°34'35"
Intake Camshaft,480021280252790632,10/08/2025 05:44:44 AM,0°54'2"
Intake Camshaft,480021280252790779,10/08/2025 05:45:01 AM,0°-31'-23"
Intake Camshaft,480021280252790835,10/08/2025 05:47:04 AM,0°49'43"
Intake Camshaft,480021280252790790,10/08/2025 05:47:21 AM,0°-40'-1"
Intake Camshaft,480021280252800096,10/08/2025 05:47:38 AM,0°49'43"
Intake Camshaft,480021280252790661,10/08/2025 05:49:15 AM,0°-31'-23"
Intake Camshaft,480021280252260211,10/08/2025 05:50:46 AM,0°32'25"
Intake Camshaft,480021280252170293,10/08/2025 05:51:00 AM,0°-44'-21"
Intake Camshaft,Calibration master,10/08/2025 05:56:59 AM,0°0'0"
Intake Camshaft,480021280252790843,10/08/2025 05:57:13 AM,0°-44'-21"
Intake Camshaft,480021280252800811,10/08/2025 05:57:27 AM,0°-48'-40"
Intake Camshaft,480021280252790739,10/08/2025 05:57:38 AM,0°-42'-11"
Intake Camshaft,480021280252790841,10/08/2025 05:58:13 AM,0°-50'-50"
Intake Camshaft,480021280252790607,10/08/2025 05:58:55 AM,0°-50'-50"
Intake Camshaft,480021280252790836,10/08/2025 05:59:42 AM,0°-40'-1"
Intake Camshaft,480021280252800136,10/08/2025 06:02:26 AM,0°51'53"
Intake Camshaft,480021280252800119,10/08/2025 06:02:37 AM,0°15'8"
Intake Camshaft,480021280252790836,10/08/2025 06:29:20 AM,0°-27'-3"
Intake Camshaft,480021280252790845,10/08/2025 06:31:13 AM,0°-46'-30"
Intake Camshaft,480021280252790775,10/08/2025 06:32:29 AM,0°43'14"
Intake Camshaft,480021280252790929,10/08/2025 06:34:10 AM,0°-59'-29"
Intake Camshaft,480021280252760399,10/08/2025 06:34:49 AM,0°38'54"
Intake Camshaft,480021280252800171,10/08/2025 06:35:29 AM,0°51'53"
Intake Camshaft,480021280252790851,10/08/2025 06:36:29 AM,0°-59'-29"
Intake Camshaft,480021280252800004,10/08/2025 06:37:20 AM,0°43'14"
Intake Camshaft,480021280252790821,10/08/2025 06:38:02 AM,0°32'25"
Intake Camshaft,480021280252790863,10/08/2025 06:38:52 AM,0°45'24"
Intake Camshaft,480021280252800808,10/08/2025 06:39:43 AM,0°43'14"
Intake Camshaft,480021280252800170,10/08/2025 06:40:12 AM,0°34'35"
Intake Camshaft,480021280252800155,10/08/2025 06:41:07 AM,0°10'48"
Intake Camshaft,480021280252800131,10/08/2025 06:44:39 AM,0°21'37"
Intake Camshaft,480021280252800307,10/08/2025 06:46:07 AM,0°28'6"
Intake Camshaft,480021280252800065,10/08/2025 06:49:08 AM,0°0'0"
Intake Camshaft,480021280252800125,10/08/2025 06:50:03 AM,0°23'47"
Intake Camshaft,480021280252800160,10/08/2025 06:50:34 AM,0°43'14"
Intake Camshaft,480021280252800040,10/08/2025 06:51:25 AM,0°8'39"
Intake Camshaft,480021280252800117,10/08/2025 06:52:07 AM,0°8'39"
Intake Camshaft,480021280252800159,10/08/2025 06:54:49 AM,0°8'39"
Intake Camshaft,480021280252800731,10/08/2025 06:55:02 AM,0°17'17"
Intake Camshaft,480021280252800121,10/08/2025 06:56:42 AM,0°8'39"
Intake Camshaft,480021280252790591,10/08/2025 07:16:29 AM,0°10'48"
Intake Camshaft,480021280252800809,10/08/2025 07:17:55 AM,0°12'58"
Intake Camshaft,480021280252790733,10/08/2025 07:20:04 AM,0°17'18"
Intake Camshaft,480021280252790626,10/08/2025 07:22:46 AM,0°30'16"
Intake Camshaft,480021280252790634,10/08/2025 07:23:01 AM,0°10'48"
Intake Camshaft,480021280252790588,10/08/2025 07:23:33 AM,0°8'39"
Intake Camshaft,480021280252790710,10/08/2025 07:24:17 AM,0°19'27"
Intake Camshaft,480021280252790725,10/08/2025 07:25:22 AM,0°43'14"
Intake Camshaft,480021280252790692,10/08/2025 07:26:10 AM,0°41'4"
Intake Camshaft,480021280252800161,10/08/2025 07:28:02 AM,1°15'40"
Intake Camshaft,480021280252790642,10/08/2025 07:29:16 AM,0°25'57"
Intake Camshaft,480021280252790579,10/08/2025 07:30:04 AM,0°25'57"
Intake Camshaft,480021280252790727,10/08/2025 07:31:38 AM,0°21'37"
Intake Camshaft,480021280252790639,10/08/2025 07:32:21 AM,0°2'10"
Intake Camshaft,480021280252800103,10/08/2025 07:33:24 AM,0°12'58"
Intake Camshaft,480021280252790889,10/08/2025 07:34:10 AM,0°25'57"
Intake Camshaft,480021280252790693,10/08/2025 07:36:28 AM,0°12'58"
Intake Camshaft,480021280252790722,10/08/2025 07:38:52 AM,0°4'19"
Intake Camshaft,480021280252790791,10/08/2025 07:39:04 AM,0°12'58"
Intake Camshaft,480021280252790773,10/08/2025 07:40:10 AM,0°10'48"
Intake Camshaft,480021280252790635,10/08/2025 07:47:46 AM,0°2'10"
Intake Camshaft,480021280252800059,10/08/2025 07:48:02 AM,0°23'47"
Intake Camshaft,480021280252790714,10/08/2025 07:48:49 AM,0°23'47"
Intake Camshaft,480021280252790760,10/08/2025 07:49:31 AM,0°32'26"
Intake Camshaft,480021280252790762,10/08/2025 07:50:29 AM,1°22'9"
Intake Camshaft,480021280252790612,10/08/2025 07:56:21 AM,0°10'49"
Intake Camshaft,480021280252790638,10/08/2025 07:56:32 AM,0°10'49"
Intake Camshaft,480021280252790659,10/08/2025 07:56:46 AM,0°23'47"
Intake Camshaft,480021280252790596,10/08/2025 07:56:59 AM,0°49'43"
Intake Camshaft,480021280252790463,10/08/2025 07:57:09 AM,0°28'6"
Intake Camshaft,480021280252790720,10/08/2025 07:57:18 AM,0°58'22"
Intake Camshaft,480021280252790687,10/08/2025 07:57:27 AM,0°36'45"
Intake Camshaft,480021280252800134,10/08/2025 07:57:36 AM,0°36'45"
Intake Camshaft,480021280252790713,10/08/2025 07:57:47 AM,0°21'37"
Intake Camshaft,480021280252790713,10/08/2025 07:58:39 AM,0°43'14"
Intake Camshaft,480021280252790757,10/08/2025 08:02:40 AM,0°25'56"
Intake Camshaft,480021280252790708,10/08/2025 08:03:43 AM,0°28'6"
Intake Camshaft,480021280252790666,10/08/2025 08:04:17 AM,0°45'24"
Intake Camshaft,480021280252790694,10/08/2025 08:04:28 AM,0°45'24"
Intake Camshaft,480021280252800126,10/08/2025 08:04:39 AM,0°41'4"
Intake Camshaft,480021280252790707,10/08/2025 08:04:50 AM,0°4'20"
Intake Camshaft,480021280252810023,10/08/2025 08:06:38 AM,0°43'14"
Intake Camshaft,Calibration master,10/08/2025 08:07:52 AM,0°4'19"
Intake Camshaft,Calibration master,10/08/2025 08:09:06 AM,0°34'35"
Intake Camshaft,480021280252790668,10/08/2025 08:10:34 AM,0°58'22"
Intake Camshaft,Calibration master,10/08/2025 08:13:06 AM,0°19'28"
Intake Camshaft,480021280252790432,10/08/2025 08:13:16 AM,0°28'7"
Intake Camshaft,48002128025279037,10/08/2025 08:14:43 AM,0°58'22"
Intake Camshaft,480021280252790518,10/08/2025 08:17:47 AM,0°49'44"
Intake Camshaft,480021280252790379,10/08/2025 08:17:59 AM,0°-33'-32"
Intake Camshaft,480021280252790485,10/08/2025 08:18:13 AM,0°-31'-22"
Intake Camshaft,Calibration master,10/08/2025 08:29:24 AM,0°36'44"
Intake Camshaft,480021280252790489,10/08/2025 08:29:45 AM,0°23'46"
Intake Camshaft,480021280252790526,10/08/2025 08:29:55 AM,0°8'39"
Intake Camshaft,480021280252790365,10/08/2025 08:30:05 AM,0°4'20"
Intake Camshaft,480021280252790532,10/08/2025 08:30:22 AM,0°4'19"
Exhaust Camshaft,480021280252790106,10/08/2025 09:39:53 AM,0°49'43"
Exhaust Camshaft,480021280252790232,10/08/2025 09:41:59 AM,0°-22'-44"
Exhaust Camshaft,Calibration master,10/08/2025 09:42:52 AM,0°2'9"
Exhaust Camshaft,480021280252790232,10/08/2025 09:43:20 AM,0°-48'-40"
Exhaust Camshaft,480021280252790278,10/08/2025 09:49:25 AM,0°25'56"
Exhaust Camshaft,480021280252790113,10/08/2025 09:49:46 AM,0°4'19"
Exhaust Camshaft,480021280252790263,10/08/2025 09:50:14 AM,0°38'55"
Exhaust Camshaft,480021280252790234,10/08/2025 09:50:32 AM,0°32'26"
Exhaust Camshaft,480021280252780925,10/08/2025 09:50:46 AM,0°0'0"
Exhaust Camshaft,480021280252790270,10/08/2025 09:52:13 AM,0°4'20"
Exhaust Camshaft,480021280252790217,10/08/2025 09:52:54 AM,0°6'29"
Exhaust Camshaft,480021280252790249,10/08/2025 09:53:43 AM,0°4'19"
Exhaust Camshaft,480021280252790209,10/08/2025 09:58:44 AM,0°28'6"
Exhaust Camshaft,480021280252790288,10/08/2025 09:59:47 AM,0°41'4"
Exhaust Camshaft,480021280252790177,10/08/2025 10:00:50 AM,0°38'54"
Exhaust Camshaft,480021280252781014,10/08/2025 10:01:36 AM,0°21'37"
Exhaust Camshaft,480021280252790199,10/08/2025 10:02:17 AM,0°15'8"
Exhaust Camshaft,480021280252790237,10/08/2025 10:03:03 AM,0°34'35"
Exhaust Camshaft,480021280252790241,10/08/2025 10:04:14 AM,0°23'46"
Exhaust Camshaft,480021280252790166,10/08/2025 10:04:56 AM,0°12'58"
Exhaust Camshaft,480021280252790225,10/08/2025 10:06:14 AM,1°2'41"
Exhaust Camshaft,480021280252790164,10/08/2025 10:07:03 AM,0°32'25"
Exhaust Camshaft,480021280252790132,10/08/2025 10:08:47 AM,0°12'58"
Exhaust Camshaft,480021280252790231,10/08/2025 10:09:36 AM,0°21'37"
Exhaust Camshaft,480021280252790117,10/08/2025 10:11:19 AM,0°32'26"
Exhaust Camshaft,480021280252790065,10/08/2025 10:12:00 AM,0°4'20"
Exhaust Camshaft,480021280252790069,10/08/2025 10:13:58 AM,0°6'29"
Exhaust Camshaft,480021280252790133,10/08/2025 10:15:01 AM,0°32'25"
Exhaust Camshaft,480021280252790121,10/08/2025 10:25:18 AM,0°49'43"
Exhaust Camshaft,480021280252780939,10/08/2025 10:25:56 AM,0°38'54"
Exhaust Camshaft,480021280252790167,10/08/2025 10:26:45 AM,0°19'27"
Exhaust Camshaft,480021280252790078,10/08/2025 10:27:55 AM,0°56'12"
Exhaust Camshaft,480021280252790022,10/08/2025 10:28:10 AM,0°15'8"
Exhaust Camshaft,480021280252780947,10/08/2025 10:29:05 AM,0°4'19"
Exhaust Camshaft,480021280252780845,10/08/2025 10:31:12 AM,0°21'37"
Exhaust Camshaft,480021280252790119,10/08/2025 10:31:50 AM,0°38'54"
Exhaust Camshaft,480021280252780822,10/08/2025 10:32:29 AM,0°19'27"
Exhaust Camshaft,480021280252790210,10/08/2025 10:35:52 AM,0°36'45"
Exhaust Camshaft,480021280252790016,10/08/2025 10:37:45 AM,0°12'58"
Exhaust Camshaft,480021280252781026,10/08/2025 10:38:35 AM,0°25'56"
Exhaust Camshaft,480021280252780972,10/08/2025 10:40:42 AM,0°12'58"
Exhaust Camshaft,480021280252780854,10/08/2025 10:42:15 AM,0°41'4"
Exhaust Camshaft,480021280252790110,10/08/2025 10:42:56 AM,0°34'35"
Exhaust Camshaft,480021280252790332,10/08/2025 10:44:06 AM,0°45'23"
Exhaust Camshaft,480021280252780819,10/08/2025 10:44:47 AM,0°19'27"
Exhaust Camshaft,480021280252780836,10/08/2025 10:45:34 AM,0°38'54"
Exhaust Camshaft,480021280252790063,10/08/2025 10:51:54 AM,0°23'46"
Exhaust Camshaft,480021280252790047,10/08/2025 10:53:05 AM,0°28'6"
Exhaust Camshaft,480021280252781030,10/08/2025 10:53:54 AM,0°43'14"
Exhaust Camshaft,480021280252781025,10/08/2025 10:54:49 AM,0°30'16"
Exhaust Camshaft,480021280252790010,10/08/2025 10:55:47 AM,0°6'29"
Exhaust Camshaft,480021280252790051,10/08/2025 10:58:46 AM,0°8'39"
Exhaust Camshaft,480021280252790221,10/08/2025 10:59:45 AM,0°47'33"
Exhaust Camshaft,480021280252781032,10/08/2025 11:00:27 AM,0°34'35"
Exhaust Camshaft,480021280252780956,10/08/2025 11:01:08 AM,1°4'51"
Exhaust Camshaft,480021280252780979,10/08/2025 11:02:01 AM,0°28'6"
Exhaust Camshaft,480021280252790023,10/08/2025 11:03:20 AM,1°17'49"
Exhaust Camshaft,480021280252790004,10/08/2025 11:03:59 AM,1°9'10"
Exhaust Camshaft,480021280252770453,10/08/2025 11:05:28 AM,1°32'57"
Exhaust Camshaft,Calibration master,10/08/2025 11:06:14 AM,0°0'0"
Exhaust Camshaft,480021280252770453,10/08/2025 11:06:49 AM,0°10'49"
Exhaust Camshaft,480021280252790046,10/08/2025 11:08:34 AM,0°56'12"
Exhaust Camshaft,480021280252790039,10/08/2025 11:09:32 AM,0°51'53"
Exhaust Camshaft,480021280252770462,10/08/2025 11:14:32 AM,0°49'43"
Exhaust Camshaft,480021280252780932,10/08/2025 11:15:09 AM,0°-46'-30"
Exhaust Camshaft,480021280252780962,10/08/2025 11:15:53 AM,0°-46'-30"
Exhaust Camshaft,480021280252780788,10/08/2025 11:16:45 AM,0°-40'-1"
Exhaust Camshaft,Calibration master,10/08/2025 11:17:05 AM,0°2'10"
Exhaust Camshaft,480021280252790034,10/08/2025 11:17:54 AM,0°49'44"
Exhaust Camshaft,480021280252780986,10/08/2025 11:18:35 AM,0°41'5"
Exhaust Camshaft,480021280252780736,10/08/2025 11:19:16 AM,0°-59'-28"
Exhaust Camshaft,Calibration master,10/08/2025 11:20:37 AM,0°4'19"
Exhaust Camshaft,480021280252710551,10/08/2025 11:20:51 AM,1°9'10"
Exhaust Camshaft,480021280252670053,10/08/2025 11:21:14 AM,0°49'43"
Exhaust Camshaft,480021280252800621,10/08/2025 11:21:29 AM,0°56'12"
Exhaust Camshaft,480021280252800773,10/08/2025 11:21:46 AM,1°0'32"
Exhaust Camshaft,480021280252730154,10/08/2025 11:22:15 AM,1°4'51"
Exhaust Camshaft,480021280252660857,10/08/2025 11:22:30 AM,0°21'37"
Exhaust Camshaft,480021280252730702,10/08/2025 11:22:50 AM,0°25'56"
Exhaust Camshaft,Calibration master,10/08/2025 11:32:36 AM,0°15'8"
Exhaust Camshaft,480021280252780945,10/08/2025 11:32:47 AM,0°28'6"
Exhaust Camshaft,480021280252780695,10/08/2025 11:33:35 AM,0°28'6"
Exhaust Camshaft,480021280252780674,10/08/2025 11:34:19 AM,0°54'2"
Exhaust Camshaft,480021280252770436,10/08/2025 11:36:13 AM,0°-57'-19"
Exhaust Camshaft,480021280252780589,10/08/2025 11:38:22 AM,0°34'35"
Exhaust Camshaft,480021280252780730,10/08/2025 11:39:08 AM,0°28'6"
Exhaust Camshaft,480021280252770444,10/08/2025 11:40:44 AM,0°-42'-11"
Exhaust Camshaft,480021280252780677,10/08/2025 11:43:38 AM,0°-48'-40"
Exhaust Camshaft,480021280252780586,10/08/2025 11:43:55 AM,0°56'12"
Exhaust Camshaft,480021280252780669,10/08/2025 01:02:14 PM,0°25'56"
Exhaust Camshaft,480021280252770476,10/08/2025 01:44:07 PM,0°-35'-42"
Exhaust Camshaft,480021280252780623,10/08/2025 01:44:19 PM,0°38'54"
Exhaust Camshaft,480021280252790100,10/08/2025 01:45:06 PM,0°56'12"
Exhaust Camshaft,480021280252780477,10/08/2025 01:50:16 PM,0°58'22"
Exhaust Camshaft,480021280252780433,10/08/2025 01:54:27 PM,0°23'46"
Exhaust Camshaft,480021280252770558,10/08/2025 01:55:10 PM,0°6'29"
Exhaust Camshaft,480021280252770549,10/08/2025 01:56:04 PM,0°17'17"
Exhaust Camshaft,480021280252780550,10/08/2025 01:56:58 PM,0°32'26"
Exhaust Camshaft,480021280252770561,10/08/2025 01:57:49 PM,0°21'37"
Exhaust Camshaft,480021280252780363,10/08/2025 02:01:27 PM,0°17'17"
Exhaust Camshaft,480021280252790203,10/08/2025 02:10:57 PM,0°19'28"
Exhaust Camshaft,480021280252780378,10/08/2025 02:11:43 PM,0°6'29"
Exhaust Camshaft,480021280252790610,10/08/2025 02:12:23 PM,0°10'49"
Exhaust Camshaft,480021280252790418,10/08/2025 02:13:30 PM,0°51'53"
Exhaust Camshaft,480021280252780364,10/08/2025 02:14:13 PM,0°32'26"
Exhaust Camshaft,480021280252790490,10/08/2025 02:14:51 PM,1°0'32"
Exhaust Camshaft,480021280252780526,10/08/2025 02:15:53 PM,0°49'44"
Exhaust Camshaft,480021280252790104,10/08/2025 02:16:31 PM,1°17'50"
Exhaust Camshaft,480021280252790499,10/08/2025 02:17:18 PM,0°45'24"
Exhaust Camshaft,480021280252790458,10/08/2025 02:17:55 PM,1°0'32"
Exhaust Camshaft,480021280252790764,10/08/2025 02:19:19 PM,0°23'47"
Exhaust Camshaft,480021280252780396,10/08/2025 02:20:08 PM,0°49'43"
Exhaust Camshaft,480021280252780599,10/08/2025 02:21:30 PM,0°8'39"
Exhaust Camshaft,480021280252780389,10/08/2025 02:21:49 PM,0°51'53"
Exhaust Camshaft,480021280252790497,10/08/2025 02:22:37 PM,0°4'20"
Exhaust Camshaft,480021280252790455,10/08/2025 02:23:25 PM,0°51'53"
Exhaust Camshaft,480021280252790098,10/08/2025 02:25:23 PM,0°43'14"
Exhaust Camshaft,480021280252780617,10/08/2025 02:26:21 PM,0°17'18"
Exhaust Camshaft,480021280252780138,10/08/2025 02:27:02 PM,0°8'39"
Exhaust Camshaft,480021280252780143,10/08/2025 02:28:00 PM,0°17'18"
Exhaust Camshaft,480021280252780386,10/08/2025 02:28:44 PM,0°23'47"
Exhaust Camshaft,480021280252780348,10/08/2025 02:29:31 PM,0°19'27"
Exhaust Camshaft,480021280252780392,10/08/2025 02:30:23 PM,0°12'58"
Exhaust Camshaft,480021280252780148,10/08/2025 02:32:04 PM,0°2'9"
Exhaust Camshaft,480021280252770483,10/08/2025 02:32:21 PM,0°32'26"
Exhaust Camshaft,480021280252780440,10/08/2025 02:33:00 PM,0°2'10"
Exhaust Camshaft,480021280252770503,10/08/2025 02:35:18 PM,0°19'27"
Exhaust Camshaft,480021280252770510,10/08/2025 02:35:31 PM,0°10'49"
Exhaust Camshaft,480021280252780453,10/08/2025 02:39:06 PM,0°32'25"
Exhaust Camshaft,480021280252780744,10/08/2025 02:39:17 PM,0°2'10"
Exhaust Camshaft,480021280252780467,10/08/2025 02:39:39 PM,0°32'25"
Exhaust Camshaft,480021280252790559,10/08/2025 02:40:24 PM,0°32'25"
Exhaust Camshaft,480021280252790636,10/08/2025 02:41:46 PM,0°23'46"
Exhaust Camshaft,480021280252780361,10/08/2025 02:42:22 PM,0°38'54"
Exhaust Camshaft,480021280252780284,10/08/2025 02:43:02 PM,0°19'27"
Exhaust Camshaft,480021280252780465,10/08/2025 02:43:50 PM,0°25'56"
Exhaust Camshaft,480021280252780289,10/08/2025 02:44:37 PM,0°30'16"
Exhaust Camshaft,480021280252770484,10/08/2025 02:45:27 PM,0°15'8"
Exhaust Camshaft,480021280252770539,10/08/2025 02:46:09 PM,0°12'58"
Exhaust Camshaft,480021280252770537,10/08/2025 02:46:45 PM,0°6'29"
Exhaust Camshaft,480021280252780459,10/08/2025 02:47:25 PM,0°15'8"
Exhaust Camshaft,480021280252780463,10/08/2025 02:48:09 PM,0°12'58"
Exhaust Camshaft,480021280252780254,10/08/2025 02:49:33 PM,0°0'0"
Exhaust Camshaft,480021280252780457,10/08/2025 02:49:43 PM,0°4'19"
Exhaust Camshaft,480021280252780626,10/08/2025 02:50:33 PM,0°6'29"
Exhaust Camshaft,480021280252770571,10/08/2025 02:51:16 PM,0°23'47"
Exhaust Camshaft,480021280252780271,10/08/2025 02:52:08 PM,0°2'9"
Exhaust Camshaft,480021280252780462,10/08/2025 02:52:55 PM,0°19'28"
Exhaust Camshaft,480021280252780470,10/08/2025 02:56:34 PM,0°4'20"
Exhaust Camshaft,480021280252780316,10/08/2025 02:57:24 PM,0°6'29"
Exhaust Camshaft,480021280252780283,10/08/2025 02:58:04 PM,0°8'39"
Exhaust Camshaft,480021280252780222,10/08/2025 02:58:44 PM,0°28'6"
Exhaust Camshaft,480021280252780588,10/08/2025 02:59:31 PM,0°15'8"
Exhaust Camshaft,480021280252780591,10/08/2025 03:02:24 PM,0°-55'-9"
Exhaust Camshaft,480021280252770755,10/08/2025 03:03:40 PM,0°-52'-59"
Exhaust Camshaft,480021280252780329,10/08/2025 03:04:27 PM,0°58'22"
Exhaust Camshaft,480021280252780391,10/08/2025 03:05:28 PM,0°56'12"
Exhaust Camshaft,480021280252780311,10/08/2025 03:06:11 PM,0°15'8"
Exhaust Camshaft,480021280252780286,10/08/2025 03:08:46 PM,0°58'22"
Exhaust Camshaft,480021280252790732,10/08/2025 03:09:39 PM,0°23'47"
Exhaust Camshaft,480021280252780510,10/08/2025 03:10:31 PM,0°58'22"
Exhaust Camshaft,480021280252770569,10/08/2025 03:11:14 PM,0°36'45"
Exhaust Camshaft,480021280252780320,10/08/2025 03:12:01 PM,0°17'18"
Exhaust Camshaft,480021280252800751,10/08/2025 03:12:44 PM,0°41'4"
Exhaust Camshaft,480021280252780288,10/08/2025 03:13:38 PM,0°32'26"
Exhaust Camshaft,480021280252780621,10/08/2025 03:15:23 PM,0°25'57"
Exhaust Camshaft,480021280252780280,10/08/2025 03:16:06 PM,0°28'6"
Exhaust Camshaft,480021280252780603,10/08/2025 03:16:45 PM,0°23'47"
Exhaust Camshaft,480021280252780584,10/08/2025 03:17:33 PM,0°0'0"
Exhaust Camshaft,480021280252780627,10/08/2025 03:18:22 PM,0°49'43"
Exhaust Camshaft,480021280252780464,10/08/2025 03:19:14 PM,0°32'26"
Exhaust Camshaft,480021280252780602,10/08/2025 03:19:51 PM,0°28'6"
Exhaust Camshaft,480021280252770560,10/08/2025 03:20:48 PM,0°36'45"
Exhaust Camshaft,480021280252780239,10/08/2025 03:21:45 PM,0°10'48"
Exhaust Camshaft,480021280252780321,10/08/2025 03:27:01 PM,0°21'37"
Exhaust Camshaft,480021280252780556,10/08/2025 03:27:55 PM,0°41'4"
Exhaust Camshaft,480021280252780270,10/08/2025 03:28:35 PM,0°47'34"
Exhaust Camshaft,480021280252780530,10/08/2025 03:29:31 PM,0°58'22"
Exhaust Camshaft,480021280252780563,10/08/2025 03:30:22 PM,0°21'37"
Exhaust Camshaft,480021280252780826,10/08/2025 03:31:04 PM,0°47'34"
Exhaust Camshaft,480021280252790020,10/08/2025 03:31:47 PM,0°-59'-28"
Exhaust Camshaft,480021280252780562,10/08/2025 03:32:48 PM,0°4'20"
Exhaust Camshaft,480021280252780548,10/08/2025 03:33:33 PM,0°38'55"
Exhaust Camshaft,480021280252770497,10/08/2025 03:34:12 PM,0°25'57"
Exhaust Camshaft,480021280252780229,10/08/2025 03:34:51 PM,0°36'45"
Exhaust Camshaft,480021280252780224,10/08/2025 03:35:40 PM,0°49'43"
Exhaust Camshaft,480021280252780310,10/08/2025 03:36:17 PM,0°43'14"
Exhaust Camshaft,480021280252780170,10/08/2025 03:37:04 PM,0°47'34"
Exhaust Camshaft,480021280252780013,10/08/2025 03:38:50 PM,0°10'48"
Exhaust Camshaft,480021280252780578,10/08/2025 03:39:27 PM,0°6'29"
Exhaust Camshaft,480021280252780165,10/08/2025 03:40:02 PM,0°43'14"
Exhaust Camshaft,480021280252780248,10/08/2025 03:40:49 PM,0°36'45"
Exhaust Camshaft,480021280252780258,10/08/2025 03:41:31 PM,0°32'26"
Exhaust Camshaft,480021280252780163,10/08/2025 03:42:17 PM,0°32'26"
Exhaust Camshaft,480021280252780314,10/08/2025 03:43:09 PM,0°51'53"
Exhaust Camshaft,480021280252780233,10/08/2025 03:43:47 PM,0°2'10"
Exhaust Camshaft,480021280252770686,10/08/2025 03:44:28 PM,0°12'58"
Exhaust Camshaft,480021280252770864,10/08/2025 03:45:07 PM,0°43'14"
Exhaust Camshaft,480021280252780219,10/08/2025 03:45:49 PM,0°8'39"
Exhaust Camshaft,480021280252780230,10/08/2025 03:46:42 PM,0°19'27"
Exhaust Camshaft,480021280252780231,10/08/2025 03:47:25 PM,0°32'26"
Exhaust Camshaft,480021280252780253,10/08/2025 03:48:22 PM,0°23'47"
Exhaust Camshaft,480021280252780220,10/08/2025 03:49:06 PM,0°47'34"
Exhaust Camshaft,480021280252780198,10/08/2025 03:49:58 PM,0°30'16"
Exhaust Camshaft,480021280252780820,10/08/2025 03:50:53 PM,0°25'57"
Exhaust Camshaft,480021280252780883,10/08/2025 03:51:42 PM,0°56'12"
Exhaust Camshaft,480021280252790116,10/08/2025 03:52:51 PM,0°2'10"
Exhaust Camshaft,480021280252780205,10/08/2025 03:53:33 PM,0°21'37"
Exhaust Camshaft,480021280252781010,10/08/2025 03:54:54 PM,0°15'8"
Exhaust Camshaft,480021280252780221,10/08/2025 03:55:38 PM,0°21'37"
Exhaust Camshaft,480021280252790088,10/08/2025 03:56:39 PM,0°19'27"
Exhaust Camshaft,480021280252780208,10/08/2025 03:57:26 PM,0°4'20"
Exhaust Camshaft,480021280252780292,10/08/2025 03:58:03 PM,0°8'39"
Exhaust Camshaft,480021280252780200,10/08/2025 04:00:16 PM,0°36'45"
Exhaust Camshaft,480021280252780568,10/08/2025 04:00:57 PM,0°4'19"
Exhaust Camshaft,480021280252780199,10/08/2025 04:01:33 PM,0°17'18"
Exhaust Camshaft,480021280252770743,10/08/2025 04:03:41 PM,0°6'29"
Exhaust Camshaft,480021280252770858,10/08/2025 04:04:11 PM,0°12'58"
Exhaust Camshaft,480021280252770749,10/08/2025 04:06:28 PM,0°32'25"
Exhaust Camshaft,480021280252770610,10/08/2025 04:07:15 PM,0°10'49"
Exhaust Camshaft,480021280252780210,10/08/2025 04:07:54 PM,0°12'58"
Exhaust Camshaft,480021280252780281,10/08/2025 04:08:56 PM,0°19'27"
Exhaust Camshaft,480021280252781017,10/08/2025 04:09:44 PM,0°8'39"
Exhaust Camshaft,480021280252780961,10/08/2025 04:10:27 PM,0°4'19"
Exhaust Camshaft,480021280252790114,10/08/2025 04:11:15 PM,0°38'55"
Exhaust Camshaft,480021280252770811,10/08/2025 04:11:51 PM,0°10'49"
Exhaust Camshaft,480021280252770682,10/08/2025 04:12:27 PM,0°19'27"
Exhaust Camshaft,480021280252770799,10/08/2025 04:13:12 PM,0°10'48"
Exhaust Camshaft,480021280252770844,10/08/2025 04:14:06 PM,0°10'48"
Exhaust Camshaft,480021280252780606,10/08/2025 04:15:03 PM,0°15'8"
Exhaust Camshaft,480021280252770848,10/08/2025 04:15:54 PM,0°15'8"
Exhaust Camshaft,480021280252780212,10/08/2025 04:18:07 PM,0°34'35"
Exhaust Camshaft,480021280252770808,10/08/2025 04:18:59 PM,0°56'12"
Exhaust Camshaft,480021280252770831,10/08/2025 04:19:57 PM,0°-44'-20"
Exhaust Camshaft,480021280252770665,10/08/2025 04:21:28 PM,0°-53'0"
Exhaust Camshaft,480021280252770764,10/08/2025 04:22:20 PM,0°54'2"
Exhaust Camshaft,480021280252770768,10/08/2025 04:23:05 PM,0°56'12"
Exhaust Camshaft,480021280252770839,10/08/2025 04:24:20 PM,0°-37'-52"
Exhaust Camshaft,480021280252770820,10/08/2025 04:25:14 PM,0°47'33"
Exhaust Camshaft,480021280252770792,10/08/2025 04:25:56 PM,0°-57'-19"
Exhaust Camshaft,480021280252770780,10/08/2025 04:26:52 PM,0°-52'-59"
Exhaust Camshaft,480021280252770594,10/08/2025 04:27:33 PM,0°34'35"
Exhaust Camshaft,480021280252770760,10/08/2025 04:28:14 PM,0°6'29"
Exhaust Camshaft,480021280252770778,10/08/2025 04:28:53 PM,0°12'58"
Exhaust Camshaft,480021280252770788,10/08/2025 04:30:00 PM,0°43'14"
Exhaust Camshaft,480021280252770803,10/08/2025 04:30:37 PM,0°17'17"
Exhaust Camshaft,480021280252770762,10/08/2025 04:31:21 PM,0°17'18"
Exhaust Camshaft,480021280252780282,10/08/2025 04:31:59 PM,0°19'27"
Exhaust Camshaft,480021280252770852,10/08/2025 04:32:40 PM,0°36'45"
Exhaust Camshaft,480021280252770689,10/08/2025 04:33:26 PM,0°38'54"
Exhaust Camshaft,480021280252770726,10/08/2025 04:34:17 PM,0°56'12"
Exhaust Camshaft,480021280252780428,10/08/2025 04:35:03 PM,0°6'29"
Exhaust Camshaft,480021280252780409,10/08/2025 04:35:41 PM,0°4'19"
Exhaust Camshaft,480021280252780411,10/08/2025 04:36:24 PM,0°12'58"
Exhaust Camshaft,480021280252770823,10/08/2025 04:37:06 PM,0°-57'-19"
Exhaust Camshaft,480021280252770747,10/08/2025 04:37:47 PM,0°25'56"
Exhaust Camshaft,480021280252770583,10/08/2025 04:38:35 PM,0°0'0"
Exhaust Camshaft,480021280252770588,10/08/2025 04:39:36 PM,0°-59'-29"
Exhaust Camshaft,480021280252770666,10/08/2025 04:40:18 PM,0°-46'-30"
Exhaust Camshaft,480021280252770859,10/08/2025 04:41:08 PM,0°49'43"
Exhaust Camshaft,480021280252780274,10/08/2025 04:42:10 PM,0°-59'-29"
Exhaust Camshaft,480021280252770434,10/08/2025 04:42:54 PM,0°21'37"
Exhaust Camshaft,480021280252780605,10/08/2025 04:43:46 PM,0°15'8"
Exhaust Camshaft,480021280252780209,10/08/2025 04:44:32 PM,0°49'43"
Exhaust Camshaft,480021280252780646,10/08/2025 04:45:24 PM,0°6'29"
Exhaust Camshaft,480021280252780597,10/08/2025 04:47:21 PM,0°45'23"
Exhaust Camshaft,480021280252770445,10/08/2025 04:48:08 PM,0°54'2"
Exhaust Camshaft,480021280252780635,10/08/2025 04:52:12 PM,0°28'6"
Exhaust Camshaft,480021280252780668,10/08/2025 04:52:20 PM,0°-57'-19"
Exhaust Camshaft,480021280252780853,10/08/2025 04:52:58 PM,0°-57'-19"
Exhaust Camshaft,480021280252790050,10/08/2025 04:53:44 PM,0°-59'-29"
Exhaust Camshaft,480021280252780648,10/08/2025 04:54:34 PM,0°49'43"
Exhaust Camshaft,480021280252770620,10/08/2025 04:58:00 PM,0°17'17"
Exhaust Camshaft,480021280252780600,10/08/2025 04:58:12 PM,0°-57'-19"
Exhaust Camshaft,480021280252770619,10/08/2025 04:58:23 PM,0°28'6"
Exhaust Camshaft,480021280252770342,10/08/2025 04:59:40 PM,0°56'12"
Exhaust Camshaft,480021280252770579,10/08/2025 05:00:24 PM,0°-57'-19"
Exhaust Camshaft,480021280252770618,10/08/2025 05:01:17 PM,0°36'45"
Exhaust Camshaft,480021280252770801,10/08/2025 05:03:59 PM,0°34'35"
Exhaust Camshaft,480021280252780429,10/08/2025 05:04:18 PM,0°28'6"
Exhaust Camshaft,480021280252770794,10/08/2025 05:06:13 PM,0°56'12"
Exhaust Camshaft,480021280252770800,10/08/2025 05:06:39 PM,0°-20'-34"
Exhaust Camshaft,480021280252760608,10/08/2025 05:07:14 PM,-2°-56'-16"
Exhaust Camshaft,480021280252780416,10/08/2025 05:08:26 PM,0°56'12"
Exhaust Camshaft,480021280252760646,10/08/2025 05:10:32 PM,0°45'23"
Exhaust Camshaft,480021280252790360,10/08/2025 05:12:15 PM,0°-46'-30"
Exhaust Camshaft,480021280252790208,10/08/2025 05:12:35 PM,0°-31'-23"
Exhaust Camshaft,480021280252790273,10/08/2025 05:13:27 PM,0°36'45"
Exhaust Camshaft,480021280252760638,10/08/2025 05:14:30 PM,0°-48'-40"
Exhaust Camshaft,480021280252770353,10/08/2025 05:22:32 PM,0°38'54"
Exhaust Camshaft,480021280252770641,10/08/2025 05:23:34 PM,0°45'24"
Exhaust Camshaft,480021280252760655,10/08/2025 05:24:16 PM,0°23'47"
Exhaust Camshaft,480021280252790275,10/08/2025 05:24:53 PM,0°6'29"
Exhaust Camshaft,480021280252770609,10/08/2025 05:25:33 PM,0°4'20"
Exhaust Camshaft,480021280252770611,10/08/2025 05:26:15 PM,0°30'16"
Exhaust Camshaft,480021280252780086,10/08/2025 05:26:52 PM,0°25'56"
Exhaust Camshaft,480021280252770687,10/08/2025 05:27:36 PM,0°38'54"
Exhaust Camshaft,480021280252770759,10/08/2025 05:28:35 PM,0°6'29"
Exhaust Camshaft,480021280252770345,10/08/2025 05:29:41 PM,0°2'10"
Exhaust Camshaft,480021280252770651,10/08/2025 05:30:27 PM,0°36'45"
Exhaust Camshaft,480021280252770685,10/08/2025 05:31:09 PM,0°10'48"
Exhaust Camshaft,480021280252770648,10/08/2025 05:31:54 PM,0°4'19"
Exhaust Camshaft,480021280252760693,10/08/2025 05:32:31 PM,0°12'58"
Exhaust Camshaft,480021280252770343,10/08/2025 05:34:00 PM,0°58'22"
Exhaust Camshaft,480021280252770729,10/08/2025 05:34:15 PM,0°32'26"
Exhaust Camshaft,480021280252770769,10/08/2025 05:34:58 PM,0°25'57"
Exhaust Camshaft,480021280252760597,10/08/2025 05:35:39 PM,0°28'6"
Exhaust Camshaft,480021280252760649,10/08/2025 05:36:20 PM,0°2'10"
Exhaust Camshaft,480021280252770332,10/08/2025 05:37:13 PM,0°51'53"
Exhaust Camshaft,480021280252770401,10/08/2025 05:37:52 PM,0°6'29"
Exhaust Camshaft,480021280252790170,10/08/2025 05:38:39 PM,0°30'16"
Exhaust Camshaft,480021280252790120,10/08/2025 05:39:20 PM,0°12'58"
Exhaust Camshaft,480021280252790123,10/08/2025 05:40:11 PM,0°2'10"
Exhaust Camshaft,480021280252790183,10/08/2025 05:41:00 PM,0°8'39"
Exhaust Camshaft,480021280252770770,10/08/2025 05:41:29 PM,0°8'39"
Exhaust Camshaft,480021280252790072,10/08/2025 05:44:07 PM,0°6'29"
Exhaust Camshaft,480021280252770725,10/08/2025 05:44:59 PM,0°8'39"
Exhaust Camshaft,480021280252770716,10/08/2025 05:45:44 PM,0°6'29"
Exhaust Camshaft,480021280252770722,10/08/2025 05:46:25 PM,0°4'19"
Exhaust Camshaft,480021280252760627,10/08/2025 05:47:07 PM,0°2'10"
Exhaust Camshaft,480021280252770347,10/08/2025 05:47:50 PM,0°41'4"
Exhaust Camshaft,480021280252770701,10/08/2025 05:48:29 PM,0°47'33"
Exhaust Camshaft,480021280252770693,10/08/2025 05:49:17 PM,0°38'54"
Exhaust Camshaft,480021280252780496,10/08/2025 05:49:56 PM,0°58'22"
Exhaust Camshaft,480021280252760622,10/08/2025 05:50:39 PM,0°34'35"
Exhaust Camshaft,480021280252770715,10/08/2025 05:51:29 PM,0°58'22"
Exhaust Camshaft,480021280252760654,10/08/2025 05:52:16 PM,0°-42'-11"
Exhaust Camshaft,480021280252780250,10/08/2025 05:52:56 PM,0°12'58"
Exhaust Camshaft,480021280252770269,10/08/2025 05:54:25 PM,0°43'14"
Exhaust Camshaft,480021280252770695,10/08/2025 05:55:08 PM,0°47'33"
Exhaust Camshaft,480021280252770818,10/08/2025 05:55:49 PM,0°-40'-1"
Exhaust Camshaft,480021280252780385,10/08/2025 05:56:48 PM,0°56'12"
Exhaust Camshaft,480021280252780382,10/08/2025 05:57:32 PM,0°54'2"
Exhaust Camshaft,480021280252790071,10/08/2025 05:58:15 PM,0°-55'-9"
Exhaust Camshaft,480021280252780344,10/08/2025 05:59:16 PM,0°-59'-28"
Exhaust Camshaft,480021280252780241,10/08/2025 06:00:19 PM,0°47'34"
Exhaust Camshaft,480021280252780237,10/08/2025 06:01:24 PM,0°-57'-18"
Exhaust Camshaft,480021280252780414,10/08/2025 06:02:29 PM,0°-59'-28"
Exhaust Camshaft,480021280252780397,10/08/2025 06:03:20 PM,0°-59'-28"
Exhaust Camshaft,480021280252780403,10/08/2025 06:05:20 PM,0°51'53"
Exhaust Camshaft,480021280252780340,10/08/2025 06:06:32 PM,0°-55'-9"
Exhaust Camshaft,480021280252770567,10/08/2025 06:06:44 PM,0°-35'-42"
Exhaust Camshaft,480021280252760598,10/08/2025 06:07:04 PM,0°-53'0"
Exhaust Camshaft,480021280252790059,10/08/2025 06:09:17 PM,0°-44'-21"
Exhaust Camshaft,480021280252780351,10/08/2025 06:11:40 PM,0°-50'-50"
Exhaust Camshaft,480021280252790168,10/08/2025 06:12:44 PM,0°-55'-9"
Exhaust Camshaft,480021280252770802,10/08/2025 06:15:49 PM,0°-53'0"
Exhaust Camshaft,480021280252760612,10/08/2025 06:15:59 PM,0°-59'-29"
Exhaust Camshaft,480021280252780061,10/08/2025 06:16:08 PM,0°-59'-29"
Exhaust Camshaft,480021280252790075,10/08/2025 06:16:17 PM,0°51'53"
Exhaust Camshaft,480021280252760639,10/08/2025 06:16:26 PM,0°58'22"
Exhaust Camshaft,480021280252770840,10/08/2025 06:17:05 PM,0°-44'-21"
Exhaust Camshaft,480021280252760630,10/08/2025 06:17:51 PM,0°-59'-29"
Exhaust Camshaft,480021280252760625,10/08/2025 06:18:34 PM,0°-59'-29"
Exhaust Camshaft,480021280252780266,10/08/2025 06:19:18 PM,0°-44'-21"
Exhaust Camshaft,480021280252770397,10/08/2025 06:20:25 PM,0°-57'-19"
Exhaust Camshaft,480021280252790171,10/08/2025 06:21:24 PM,0°-57'-19"
Exhaust Camshaft,480021280252770652,10/08/2025 06:22:39 PM,0°-29'-13"
Exhaust Camshaft,Calibration master,10/08/2025 06:41:49 PM,0°0'0"
Exhaust Camshaft,480021280252760608,10/08/2025 06:42:35 PM,-1°-43'-48"
Exhaust Camshaft,Calibration master,10/08/2025 06:43:07 PM,0°0'0"
Exhaust Camshaft,480021280252760608,10/08/2025 06:44:00 PM,-1°-35'-10"
Exhaust Camshaft,Calibration master,10/08/2025 06:50:13 PM,0°0'0"
Exhaust Camshaft,480021280252770800,10/08/2025 06:53:02 PM,0°30'16"
Exhaust Camshaft,480021280252770267,10/08/2025 06:54:29 PM,0°-35'-42"
Exhaust Camshaft,Calibration master,10/08/2025 06:55:30 PM,0°0'0"
Exhaust Camshaft,480021280252770800,10/08/2025 06:55:57 PM,0°28'6"
Exhaust Camshaft,480021280252780387,10/08/2025 06:56:50 PM,0°49'43"
Exhaust Camshaft,480021280252780133,10/08/2025 07:01:33 PM,0°51'53"
Exhaust Camshaft,480021280252780166,10/08/2025 07:03:08 PM,0°-59'-28"
Exhaust Camshaft,480021280252760709,10/08/2025 07:03:57 PM,0°-59'-28"
Exhaust Camshaft,480021280252770862,10/08/2025 07:04:38 PM,0°49'43"
Exhaust Camshaft,480021280252780016,10/08/2025 07:05:21 PM,0°54'3"
Exhaust Camshaft,480021280252780098,10/08/2025 07:05:59 PM,0°-59'-28"
Exhaust Camshaft,480021280252780015,10/08/2025 07:06:50 PM,0°43'14"
Exhaust Camshaft,480021280252770951,10/08/2025 07:07:38 PM,0°49'44"
Exhaust Camshaft,480021280252780158,10/08/2025 07:08:16 PM,0°45'24"
Exhaust Camshaft,480021280252780018,10/08/2025 07:10:46 PM,0°54'3"
Exhaust Camshaft,480021280252780216,10/08/2025 07:11:27 PM,0°-46'-30"
Exhaust Camshaft,480021280252780063,10/08/2025 07:12:15 PM,0°51'53"
Exhaust Camshaft,480021280252780099,10/08/2025 07:13:05 PM,0°41'5"
Exhaust Camshaft,480021280252770937,10/08/2025 07:13:45 PM,0°34'36"
Exhaust Camshaft,480021280252780179,10/08/2025 07:15:22 PM,0°-46'-30"
Exhaust Camshaft,480021280252780171,10/08/2025 07:16:08 PM,0°41'5"
Exhaust Camshaft,480021280252780161,10/08/2025 07:16:49 PM,0°45'24"
Exhaust Camshaft,480021280252780003,10/08/2025 07:17:29 PM,0°28'7"
Exhaust Camshaft,480021280252780153,10/08/2025 07:18:07 PM,0°-46'-30"
Exhaust Camshaft,480021280252780094,10/08/2025 07:19:00 PM,0°-52'-59"
Exhaust Camshaft,Calibration master,10/08/2025 07:20:24 PM,0°0'0"
Exhaust Camshaft,480021280252780215,10/08/2025 07:20:55 PM,0°-27'-3"
Exhaust Camshaft,480021280252800319,10/08/2025 07:22:30 PM,0°15'8"
Exhaust Camshaft,480021280250590447,10/08/2025 07:23:10 PM,0°15'8"
Exhaust Camshaft,480021280252770856,10/08/2025 07:24:56 PM,0°43'14"
Exhaust Camshaft,480021280252770331,10/08/2025 07:26:09 PM,0°-42'-11"
Exhaust Camshaft,480021280252770243,10/08/2025 07:26:28 PM,0°43'14"
Exhaust Camshaft,480021280252770298,10/08/2025 07:26:50 PM,0°-55'-9"
Exhaust Camshaft,480021280252760613,10/08/2025 07:27:07 PM,0°-37'-51"
Exhaust Camshaft,480021280252770363,10/08/2025 07:27:30 PM,0°49'43"
Exhaust Camshaft,480021280252770339,10/08/2025 07:28:30 PM,0°43'14"
Exhaust Camshaft,480021280252760304,10/08/2025 07:29:07 PM,0°15'8"
Exhaust Camshaft,480021280252780191,10/08/2025 07:29:56 PM,0°49'43"
Exhaust Camshaft,480021280252770385,10/08/2025 07:30:35 PM,0°54'3"
Exhaust Camshaft,480021280252770001,10/08/2025 07:31:12 PM,0°0'0"
Exhaust Camshaft,480021280252790809,10/08/2025 07:31:33 PM,0°36'45"
Exhaust Camshaft,480021280252760687,10/08/2025 07:32:17 PM,0°49'43"
Exhaust Camshaft,480021280252790576,10/08/2025 07:32:31 PM,0°25'57"
Exhaust Camshaft,480021280252760697,10/08/2025 07:33:17 PM,0°51'53"
Exhaust Camshaft,480021280252760038,10/08/2025 07:34:16 PM,0°10'49"
Exhaust Camshaft,480021280252760694,10/08/2025 07:35:09 PM,0°21'37"
Exhaust Camshaft,480021280252780107,10/08/2025 07:35:49 PM,0°6'29"
Exhaust Camshaft,480021280252770392,10/08/2025 07:36:37 PM,0°30'16"
Exhaust Camshaft,480021280252770079,10/08/2025 07:37:26 PM,0°19'28"
Exhaust Camshaft,480021280252790861,10/08/2025 07:37:36 PM,0°0'0"
Exhaust Camshaft,480021280252760661,10/08/2025 07:39:13 PM,0°17'18"
Exhaust Camshaft,480021280252760581,10/08/2025 07:39:58 PM,0°23'47"
Exhaust Camshaft,480021280252770399,10/08/2025 07:41:51 PM,0°41'5"
Exhaust Camshaft,480021280252760623,10/08/2025 07:42:36 PM,0°15'8"
Exhaust Camshaft,480021280252770900,10/08/2025 07:43:32 PM,0°28'6"
Exhaust Camshaft,480021280252780055,10/08/2025 07:44:10 PM,0°30'16"
Exhaust Camshaft,480021280252780073,10/08/2025 07:44:51 PM,0°15'8"
Exhaust Camshaft,480021280252780175,10/08/2025 07:45:25 PM,0°25'57"
Exhaust Camshaft,480021280252780121,10/08/2025 07:46:00 PM,0°15'8"
Exhaust Camshaft,480021280252770909,10/08/2025 07:46:34 PM,0°15'8"
Exhaust Camshaft,480021280252780214,10/08/2025 07:47:16 PM,0°12'58"
Exhaust Camshaft,480021280252780049,10/08/2025 07:47:55 PM,0°10'49"
Exhaust Camshaft,480021280252780159,10/08/2025 07:48:29 PM,0°30'16"
Exhaust Camshaft,480021280252780091,10/08/2025 07:49:05 PM,0°34'35"
Exhaust Camshaft,480021280252760596,10/08/2025 07:49:43 PM,0°23'47"
Exhaust Camshaft,480021280252780150,10/08/2025 07:50:33 PM,0°36'45"
Exhaust Camshaft,480021280252780087,10/08/2025 07:51:10 PM,0°15'8"
Exhaust Camshaft,480021280252790130,10/08/2025 07:51:48 PM,0°25'57"
Exhaust Camshaft,480021280252780394,10/08/2025 07:52:28 PM,0°25'57"
Exhaust Camshaft,480021280252760641,10/08/2025 07:53:06 PM,0°6'29"
Exhaust Camshaft,480021280252780140,10/08/2025 07:53:45 PM,0°0'0"
Exhaust Camshaft,480021280252780261,10/08/2025 07:54:24 PM,0°47'34"
Exhaust Camshaft,480021280252780503,10/08/2025 07:55:13 PM,0°15'8"
Exhaust Camshaft,480021280252770414,10/08/2025 07:55:56 PM,0°23'47"
Exhaust Camshaft,480021280252780122,10/08/2025 07:56:49 PM,0°36'45"
Exhaust Camshaft,480021280252770631,10/08/2025 07:57:32 PM,0°8'39"
Exhaust Camshaft,480021280252770384,10/08/2025 07:58:14 PM,0°34'35"
Exhaust Camshaft,480021280252780246,10/08/2025 07:58:50 PM,0°-55'-9"
Exhaust Camshaft,480021280252780240,10/08/2025 07:59:45 PM,0°8'39"
Exhaust Camshaft,480021280252780190,10/08/2025 08:00:20 PM,0°34'36"
Exhaust Camshaft,480021280252760644,10/08/2025 08:01:02 PM,0°19'28"
Exhaust Camshaft,480021280252780487,10/08/2025 08:01:37 PM,0°25'57"
Exhaust Camshaft,480021280252790185,10/08/2025 08:02:17 PM,0°58'22"
Exhaust Camshaft,480021280252780192,10/08/2025 08:02:52 PM,0°-50'-49"
Exhaust Camshaft,480021280252780074,10/08/2025 08:03:39 PM,0°51'53"
Exhaust Camshaft,480021280252780188,10/08/2025 08:04:19 PM,0°38'55"
Exhaust Camshaft,480021280252780186,10/08/2025 08:04:57 PM,0°12'59"
Exhaust Camshaft,480021280252780169,10/08/2025 08:06:02 PM,0°45'24"
Exhaust Camshaft,480021280252790224,10/08/2025 08:09:50 PM,0°28'7"
Intake Camshaft,Calibration master,10/09/2025 09:34:30 AM,0°0'0"
Intake Camshaft,980021280252811265,10/09/2025 09:35:50 AM,0°47'33"
